Unnamed: 0,count,company,tod,used,old_date,date
0,2316,birdla,  9:45:05,0,1/11/2020 9:45,1/11/2020 9:45
0,503,birdsm,  9:45:06,0,1/11/2020 9:45,1/11/2020 9:45
0,5100,lime,  9:45:03,0,1/11/2020 9:45,1/11/2020 9:45
0,113,spin,  9:45:06,0,1/11/2020 9:45,1/11/2020 9:45
0,466,wheels,  9:45:00,0,1/11/2020 9:45,1/11/2020 9:45
1,468,wheels,  9:59:57,2,1/11/2020 9:59,1/11/2020 10:00
1,2316,birdla,  10:00:02,0,1/11/2020 10:00,1/11/2020 10:00
1,504,birdsm,  10:00:02,1,1/11/2020 10:00,1/11/2020 10:00
1,5110,lime,  10:00:00,10,1/11/2020 10:00,1/11/2020 10:00
1,113,spin,  10:00:03,0,1/11/2020 10:00,1/11/2020 10:00
2,471,wheels,  10:15:54,3,1/11/2020 10:15,1/11/2020 10:15
2,2313,birdla,  10:15:59,-3,1/11/2020 10:15,1/11/2020 10:15
2,506,birdsm,  10:15:59,2,1/11/2020 10:15,1/11/2020 10:15
2,5099,lime,  10:15:57,-11,1/11/2020 10:15,1/11/2020 10:15
2,113,spin,  10:15:00,0,1/11/2020 10:15,1/11/2020 10:15
3,475,wheels,  10:29:51,4,1/11/2020 10:29,1/11/2020 10:30
3,2311,birdla,  10:29:56,-2,1/11/2020 10:30,1/11/2020 10:30
3,513,birdsm,  10:29:56,7,1/11/2020 10:30,1/11/2020 10:30
3,5105,lime,  10:29:54,6,1/11/2020 10:30,1/11/2020 10:30
3,113,spin,  10:29:57,0,1/11/2020 10:30,1/11/2020 10:30
4,476,wheels,  10:44:48,1,1/11/2020 10:44,1/11/2020 10:45
4,2322,birdla,  10:44:53,11,1/11/2020 10:45,1/11/2020 10:45
4,512,birdsm,  10:44:53,-1,1/11/2020 10:45,1/11/2020 10:45
4,5097,lime,  10:44:51,-8,1/11/2020 10:45,1/11/2020 10:45
4,113,spin,  10:44:54,0,1/11/2020 10:45,1/11/2020 10:45
5,478,wheels,  10:59:45,2,1/11/2020 10:59,1/11/2020 11:00
5,2329,birdla,  10:59:50,7,1/11/2020 11:00,1/11/2020 11:00
5,513,birdsm,  10:59:50,1,1/11/2020 11:00,1/11/2020 11:00
5,5116,lime,  10:59:48,19,1/11/2020 11:00,1/11/2020 11:00
5,113,spin,  10:59:51,0,1/11/2020 11:00,1/11/2020 11:00
6,477,wheels,  11:15:42,-1,1/11/2020 11:15,1/11/2020 11:15
6,2335,birdla,  11:15:47,6,1/11/2020 11:15,1/11/2020 11:15
6,512,birdsm,  11:15:47,-1,1/11/2020 11:15,1/11/2020 11:15
6,5139,lime,  11:15:45,23,1/11/2020 11:15,1/11/2020 11:15
6,113,spin,  11:15:48,0,1/11/2020 11:15,1/11/2020 11:15
7,475,wheels,  11:29:39,-2,1/11/2020 11:29,1/11/2020 11:30
7,2344,birdla,  11:29:44,9,1/11/2020 11:30,1/11/2020 11:30
7,512,birdsm,  11:29:44,0,1/11/2020 11:30,1/11/2020 11:30
7,5161,lime,  11:29:41,22,1/11/2020 11:30,1/11/2020 11:30
7,113,spin,  11:29:44,0,1/11/2020 11:30,1/11/2020 11:30
8,472,wheels,  11:44:36,-3,1/11/2020 11:44,1/11/2020 11:45
8,2328,birdla,  11:44:42,-16,1/11/2020 11:45,1/11/2020 11:45
8,512,birdsm,  11:44:42,0,1/11/2020 11:45,1/11/2020 11:45
8,5174,lime,  11:44:39,13,1/11/2020 11:45,1/11/2020 11:45
8,113,spin,  11:44:42,0,1/11/2020 11:45,1/11/2020 11:45
9,462,wheels,  11:59:33,-10,1/11/2020 11:59,1/11/2020 12:00
9,2320,birdla,  11:59:38,-8,1/11/2020 12:00,1/11/2020 12:00
9,512,birdsm,  11:59:39,0,1/11/2020 12:00,1/11/2020 12:00
9,5178,lime,  11:59:36,4,1/11/2020 12:00,1/11/2020 12:00
9,113,spin,  11:59:39,0,1/11/2020 12:00,1/11/2020 12:00
10,461,wheels,  12:15:30,-1,1/11/2020 12:15,1/11/2020 12:15
10,2313,birdla,  12:15:35,-7,1/11/2020 12:15,1/11/2020 12:15
10,511,birdsm,  12:15:36,-1,1/11/2020 12:15,1/11/2020 12:15
10,5183,lime,  12:15:33,5,1/11/2020 12:15,1/11/2020 12:15
10,113,spin,  12:15:36,0,1/11/2020 12:15,1/11/2020 12:15
11,466,wheels,  12:29:27,5,1/11/2020 12:29,1/11/2020 12:30
11,2318,birdla,  12:29:32,5,1/11/2020 12:30,1/11/2020 12:30
11,514,birdsm,  12:29:32,3,1/11/2020 12:30,1/11/2020 12:30
11,5197,lime,  12:29:30,14,1/11/2020 12:30,1/11/2020 12:30
11,128,spin,  12:29:33,15,1/11/2020 12:30,1/11/2020 12:30
12,470,wheels,  12:44:23,4,1/11/2020 12:44,1/11/2020 12:45
12,2315,birdla,  12:44:29,-3,1/11/2020 12:45,1/11/2020 12:45
12,513,birdsm,  12:44:29,-1,1/11/2020 12:45,1/11/2020 12:45
12,5216,lime,  12:44:26,19,1/11/2020 12:45,1/11/2020 12:45
12,143,spin,  12:44:30,15,1/11/2020 12:45,1/11/2020 12:45
13,475,wheels,  12:59:21,5,1/11/2020 12:59,1/11/2020 13:00
13,2316,birdla,  12:59:26,1,1/11/2020 13:00,1/11/2020 13:00
13,519,birdsm,  12:59:26,6,1/11/2020 13:00,1/11/2020 13:00
13,5217,lime,  12:59:23,1,1/11/2020 13:00,1/11/2020 13:00
13,153,spin,  12:59:26,10,1/11/2020 13:00,1/11/2020 13:00
14,474,wheels,  1:15:17,-1,1/11/2020 13:15,1/11/2020 13:15
14,2301,birdla,  1:15:22,-15,1/11/2020 13:15,1/11/2020 13:15
14,520,birdsm,  1:15:23,1,1/11/2020 13:15,1/11/2020 13:15
14,5228,lime,  1:15:20,11,1/11/2020 13:15,1/11/2020 13:15
14,165,spin,  1:15:23,12,1/11/2020 13:15,1/11/2020 13:15
15,487,wheels,  1:29:15,13,1/11/2020 13:29,1/11/2020 13:30
15,2294,birdla,  1:29:19,-7,1/11/2020 13:30,1/11/2020 13:30
15,523,birdsm,  1:29:20,3,1/11/2020 13:30,1/11/2020 13:30
15,5225,lime,  1:29:17,-3,1/11/2020 13:30,1/11/2020 13:30
15,165,spin,  1:29:20,0,1/11/2020 13:30,1/11/2020 13:30
16,499,wheels,  1:44:11,12,1/11/2020 13:44,1/11/2020 13:45
16,2299,birdla,  1:44:16,5,1/11/2020 13:45,1/11/2020 13:45
16,526,birdsm,  1:44:17,3,1/11/2020 13:45,1/11/2020 13:45
16,5247,lime,  1:44:15,22,1/11/2020 13:45,1/11/2020 13:45
16,180,spin,  1:44:17,15,1/11/2020 13:45,1/11/2020 13:45
17,506,wheels,  1:59:08,7,1/11/2020 13:59,1/11/2020 14:00
17,2307,birdla,  1:59:13,8,1/11/2020 14:00,1/11/2020 14:00
17,530,birdsm,  1:59:15,4,1/11/2020 14:00,1/11/2020 14:00
17,5269,lime,  1:59:11,22,1/11/2020 14:00,1/11/2020 14:00
17,196,spin,  1:59:15,16,1/11/2020 14:00,1/11/2020 14:00
18,508,wheels,  2:15:05,2,1/11/2020 14:15,1/11/2020 14:15
18,2301,birdla,  2:15:12,-6,1/11/2020 14:15,1/11/2020 14:15
18,538,birdsm,  2:15:13,8,1/11/2020 14:15,1/11/2020 14:15
18,5286,lime,  2:15:09,17,1/11/2020 14:15,1/11/2020 14:15
18,213,spin,  2:15:13,17,1/11/2020 14:15,1/11/2020 14:15
19,510,wheels,  2:29:04,2,1/11/2020 14:29,1/11/2020 14:30
19,2299,birdla,  2:29:09,-2,1/11/2020 14:30,1/11/2020 14:30
19,548,birdsm,  2:29:10,10,1/11/2020 14:30,1/11/2020 14:30
19,5291,lime,  2:29:07,5,1/11/2020 14:30,1/11/2020 14:30
19,215,spin,  2:29:10,2,1/11/2020 14:30,1/11/2020 14:30
20,510,wheels,  2:44:01,0,1/11/2020 14:44,1/11/2020 14:45
20,2294,birdla,  2:44:06,-5,1/11/2020 14:45,1/11/2020 14:45
20,541,birdsm,  2:44:07,-7,1/11/2020 14:45,1/11/2020 14:45
20,5315,lime,  2:44:04,24,1/11/2020 14:45,1/11/2020 14:45
20,215,spin,  2:44:07,0,1/11/2020 14:45,1/11/2020 14:45
21,509,wheels,  2:58:58,-1,1/11/2020 14:58,1/11/2020 15:00
21,2295,birdla,  2:59:03,1,1/11/2020 15:00,1/11/2020 15:00
21,550,birdsm,  2:59:04,9,1/11/2020 15:00,1/11/2020 15:00
21,5333,lime,  2:59:01,18,1/11/2020 15:00,1/11/2020 15:00
21,217,spin,  2:59:04,2,1/11/2020 15:00,1/11/2020 15:00
22,507,wheels,  3:13:55,-2,1/11/2020 15:13,1/11/2020 15:15
22,2287,birdla,  3:15:01,-8,1/11/2020 15:15,1/11/2020 15:15
22,551,birdsm,  3:15:01,1,1/11/2020 15:15,1/11/2020 15:15
22,5328,lime,  3:13:58,-5,1/11/2020 15:15,1/11/2020 15:15
22,217,spin,  3:15:01,0,1/11/2020 15:15,1/11/2020 15:15
23,518,wheels,  3:28:52,11,1/11/2020 15:28,1/11/2020 15:30
23,2291,birdla,  3:28:57,4,1/11/2020 15:30,1/11/2020 15:30
23,550,birdsm,  3:29:58,-1,1/11/2020 15:30,1/11/2020 15:30
23,5333,lime,  3:28:55,5,1/11/2020 15:30,1/11/2020 15:30
23,216,spin,  3:28:58,-1,1/11/2020 15:30,1/11/2020 15:30
24,526,wheels,  3:43:49,8,1/11/2020 15:43,1/11/2020 15:45
24,2278,birdla,  3:44:54,-13,1/11/2020 15:45,1/11/2020 15:45
24,552,birdsm,  3:44:54,2,1/11/2020 15:45,1/11/2020 15:45
24,5330,lime,  3:43:52,-3,1/11/2020 15:45,1/11/2020 15:45
24,216,spin,  3:44:55,0,1/11/2020 15:45,1/11/2020 15:45
114,2226,birdla,  3:58:33,28,1/11/2020 16:00,1/11/2020 16:00
114,537,birdsm,  4:00:00,-15,1/11/2020 16:00,1/11/2020 16:00
114,5132,lime,  3:58:31,7,1/11/2020 16:00,1/11/2020 16:00
114,230,spin,  3:59:34,14,1/11/2020 16:00,1/11/2020 16:00
115,2218,birdla,  4:13:32,-8,1/11/2020 16:15,1/11/2020 16:15
115,542,birdsm,  4:15:00,5,1/11/2020 16:15,1/11/2020 16:15
115,5127,lime,  4:13:29,-5,1/11/2020 16:15,1/11/2020 16:15
115,246,spin,  4:15:32,16,1/11/2020 16:15,1/11/2020 16:15
116,2218,birdla,  4:28:31,0,1/11/2020 16:30,1/11/2020 16:30
116,547,birdsm,  4:30:01,5,1/11/2020 16:30,1/11/2020 16:30
116,5121,lime,  4:28:28,-6,1/11/2020 16:30,1/11/2020 16:30
116,255,spin,  4:30:01,9,1/11/2020 16:30,1/11/2020 16:30
117,2212,birdla,  4:43:32,-6,1/11/2020 16:45,1/11/2020 16:45
117,555,birdsm,  4:45:01,8,1/11/2020 16:45,1/11/2020 16:45
117,5122,lime,  4:43:30,1,1/11/2020 16:45,1/11/2020 16:45
117,269,spin,  4:45:02,14,1/11/2020 16:45,1/11/2020 16:45
118,2229,birdla,  4:58:32,17,1/11/2020 17:00,1/11/2020 17:00
118,559,birdsm,  5:00:01,4,1/11/2020 17:00,1/11/2020 17:00
118,5123,lime,  4:58:28,1,1/11/2020 17:00,1/11/2020 17:00
118,279,spin,  4:59:33,10,1/11/2020 17:00,1/11/2020 17:00
119,2226,birdla,  5:13:31,-3,1/11/2020 17:15,1/11/2020 17:15
119,552,birdsm,  5:15:02,-7,1/11/2020 17:15,1/11/2020 17:15
119,5131,lime,  5:13:28,8,1/11/2020 17:15,1/11/2020 17:15
119,295,spin,  5:15:32,16,1/11/2020 17:15,1/11/2020 17:15
25,2321,birdla,  5:30:08,-5,1/11/2020 17:30,1/11/2020 17:30
120,544,birdsm,  5:30:08,-8,1/11/2020 17:30,1/11/2020 17:30
25,5324,lime,  5:30:05,8,1/11/2020 17:30,1/11/2020 17:30
25,302,spin,  5:30:08,7,1/11/2020 17:30,1/11/2020 17:30
25,540,wheels,  5:30:01,14,1/11/2020 17:30,1/11/2020 17:30
26,2315,birdla,  5:45:05,-6,1/11/2020 17:45,1/11/2020 17:45
26,553,birdsm,  5:45:05,9,1/11/2020 17:45,1/11/2020 17:45
26,5322,lime,  5:45:02,-2,1/11/2020 17:45,1/11/2020 17:45
26,305,spin,  5:45:05,3,1/11/2020 17:45,1/11/2020 17:45
26,538,wheels,  5:45:00,-2,1/11/2020 17:45,1/11/2020 17:45
27,540,wheels,  5:59:56,2,1/11/2020 17:59,1/11/2020 18:00
27,2327,birdla,  6:00:02,12,1/11/2020 18:00,1/11/2020 18:00
27,560,birdsm,  6:00:02,7,1/11/2020 18:00,1/11/2020 18:00
27,5328,lime,  5:59:59,6,1/11/2020 18:00,1/11/2020 18:00
27,304,spin,  6:00:02,-1,1/11/2020 18:00,1/11/2020 18:00
28,537,wheels,  6:15:53,-3,1/11/2020 18:15,1/11/2020 18:15
28,2330,birdla,  6:15:59,3,1/11/2020 18:15,1/11/2020 18:15
28,562,birdsm,  6:15:00,2,1/11/2020 18:15,1/11/2020 18:15
28,5332,lime,  6:15:56,4,1/11/2020 18:15,1/11/2020 18:15
28,304,spin,  6:15:00,0,1/11/2020 18:15,1/11/2020 18:15
29,569,birdsm,  6:29:57,7,1/11/2020 18:29,1/11/2020 18:30
29,531,wheels,  6:29:51,-6,1/11/2020 18:29,1/11/2020 18:30
29,2352,birdla,  6:29:57,22,1/11/2020 18:30,1/11/2020 18:30
29,5321,lime,  6:29:55,-11,1/11/2020 18:30,1/11/2020 18:30
29,304,spin,  6:29:57,0,1/11/2020 18:30,1/11/2020 18:30
30,553,birdsm,  6:44:55,-16,1/11/2020 18:44,1/11/2020 18:45
30,530,wheels,  6:44:48,-1,1/11/2020 18:44,1/11/2020 18:45
30,2342,birdla,  6:44:55,-10,1/11/2020 18:45,1/11/2020 18:45
30,5319,lime,  6:44:52,-2,1/11/2020 18:45,1/11/2020 18:45
30,302,spin,  6:44:55,-2,1/11/2020 18:45,1/11/2020 18:45
31,567,birdsm,  6:59:52,14,1/11/2020 18:59,1/11/2020 19:00
31,530,wheels,  6:59:47,0,1/11/2020 18:59,1/11/2020 19:00
31,2337,birdla,  6:59:52,-5,1/11/2020 19:00,1/11/2020 19:00
31,5312,lime,  6:59:49,-7,1/11/2020 19:00,1/11/2020 19:00
31,302,spin,  6:59:53,0,1/11/2020 19:00,1/11/2020 19:00
32,591,birdsm,  7:15:50,24,1/11/2020 19:15,1/11/2020 19:15
32,537,wheels,  7:15:44,7,1/11/2020 19:15,1/11/2020 19:15
32,2325,birdla,  7:15:49,-12,1/11/2020 19:15,1/11/2020 19:15
32,5316,lime,  7:15:47,4,1/11/2020 19:15,1/11/2020 19:15
32,302,spin,  7:15:50,0,1/11/2020 19:15,1/11/2020 19:15
33,594,birdsm,  7:29:46,3,1/11/2020 19:29,1/11/2020 19:30
33,557,wheels,  7:29:41,20,1/11/2020 19:29,1/11/2020 19:30
33,2307,birdla,  7:29:46,-18,1/11/2020 19:30,1/11/2020 19:30
33,5311,lime,  7:29:44,-5,1/11/2020 19:30,1/11/2020 19:30
33,300,spin,  7:29:46,-2,1/11/2020 19:30,1/11/2020 19:30
34,583,birdsm,  7:44:44,-11,1/11/2020 19:44,1/11/2020 19:45
34,567,wheels,  7:44:37,10,1/11/2020 19:44,1/11/2020 19:45
34,2279,birdla,  7:44:43,-28,1/11/2020 19:45,1/11/2020 19:45
34,5314,lime,  7:44:40,3,1/11/2020 19:45,1/11/2020 19:45
34,297,spin,  7:44:44,-3,1/11/2020 19:45,1/11/2020 19:45
35,584,birdsm,  7:59:41,1,1/11/2020 19:59,1/11/2020 20:00
35,572,wheels,  7:59:35,5,1/11/2020 19:59,1/11/2020 20:00
35,2281,birdla,  7:59:41,2,1/11/2020 20:00,1/11/2020 20:00
35,5319,lime,  7:59:38,5,1/11/2020 20:00,1/11/2020 20:00
35,296,spin,  7:59:41,-1,1/11/2020 20:00,1/11/2020 20:00
36,579,birdsm,  8:15:38,-5,1/11/2020 20:15,1/11/2020 20:15
36,577,wheels,  8:15:32,5,1/11/2020 20:15,1/11/2020 20:15
36,2275,birdla,  8:15:38,-6,1/11/2020 20:15,1/11/2020 20:15
36,5333,lime,  8:15:35,14,1/11/2020 20:15,1/11/2020 20:15
36,292,spin,  8:15:38,-4,1/11/2020 20:15,1/11/2020 20:15
37,580,birdsm,  8:29:35,1,1/11/2020 20:29,1/11/2020 20:30
37,578,wheels,  8:29:29,1,1/11/2020 20:29,1/11/2020 20:30
37,2290,birdla,  8:29:34,15,1/11/2020 20:30,1/11/2020 20:30
37,5326,lime,  8:29:32,-7,1/11/2020 20:30,1/11/2020 20:30
37,289,spin,  8:29:35,-3,1/11/2020 20:30,1/11/2020 20:30
38,2264,birdla,  8:45:06,-26,1/11/2020 20:45,1/11/2020 20:45
38,571,birdsm,  8:45:06,-9,1/11/2020 20:45,1/11/2020 20:45
38,5319,lime,  8:45:03,-7,1/11/2020 20:45,1/11/2020 20:45
38,287,spin,  8:45:07,-2,1/11/2020 20:45,1/11/2020 20:45
38,591,wheels,  8:45:00,13,1/11/2020 20:45,1/11/2020 20:45
39,598,wheels,  8:59:59,7,1/11/2020 20:59,1/11/2020 21:00
39,2238,birdla,  9:00:05,-26,1/11/2020 21:00,1/11/2020 21:00
39,560,birdsm,  9:00:05,-11,1/11/2020 21:00,1/11/2020 21:00
39,5318,lime,  9:00:02,-1,1/11/2020 21:00,1/11/2020 21:00
39,290,spin,  9:00:06,3,1/11/2020 21:00,1/11/2020 21:00
40,610,wheels,  9:15:58,12,1/11/2020 21:15,1/11/2020 21:15
40,2210,birdla,  9:15:04,-28,1/11/2020 21:15,1/11/2020 21:15
135,554,birdsm,  9:15:08,-7,1/11/2020 21:15,1/11/2020 21:15
40,5316,lime,  9:15:01,-2,1/11/2020 21:15,1/11/2020 21:15
40,291,spin,  9:15:04,1,1/11/2020 21:15,1/11/2020 21:15
136,2085,birdla,  9:30:07,-4,1/11/2020 21:30,1/11/2020 21:30
40,557,birdsm,  9:30:00,3,1/11/2020 21:30,1/11/2020 21:30
88,5322,lime,  9:28:56,6,1/11/2020 21:30,1/11/2020 21:30
,290,spin,  9:30:04,-1,1/11/2020 21:30,1/11/2020 21:30
41,616,wheels,  9:44:50,6,1/11/2020 21:44,1/11/2020 21:45
41,2179,birdla,  9:44:55,94,1/11/2020 21:45,1/11/2020 21:45
41,542,birdsm,  9:44:55,-15,1/11/2020 21:45,1/11/2020 21:45
41,5311,lime,  9:44:53,-11,1/11/2020 21:45,1/11/2020 21:45
41,295,spin,  9:44:56,5,1/11/2020 21:45,1/11/2020 21:45
42,627,wheels,  9:59:49,11,1/11/2020 21:59,1/11/2020 22:00
42,2180,birdla,  9:59:54,1,1/11/2020 22:00,1/11/2020 22:00
42,538,birdsm,  9:59:55,-4,1/11/2020 22:00,1/11/2020 22:00
42,5313,lime,  9:59:52,2,1/11/2020 22:00,1/11/2020 22:00
42,297,spin,  9:59:55,2,1/11/2020 22:00,1/11/2020 22:00
43,617,wheels,  10:15:48,-10,1/11/2020 22:15,1/11/2020 22:15
43,2155,birdla,  10:15:55,-25,1/11/2020 22:15,1/11/2020 22:15
43,526,birdsm,  10:15:55,-12,1/11/2020 22:15,1/11/2020 22:15
43,5311,lime,  10:15:51,-2,1/11/2020 22:15,1/11/2020 22:15
43,297,spin,  10:15:56,0,1/11/2020 22:15,1/11/2020 22:15
44,619,wheels,  10:29:48,2,1/11/2020 22:29,1/11/2020 22:30
44,2160,birdla,  10:29:54,5,1/11/2020 22:30,1/11/2020 22:30
44,536,birdsm,  10:29:54,10,1/11/2020 22:30,1/11/2020 22:30
44,5302,lime,  10:29:52,-9,1/11/2020 22:30,1/11/2020 22:30
44,294,spin,  10:29:55,-3,1/11/2020 22:30,1/11/2020 22:30
45,622,wheels,  10:44:48,3,1/11/2020 22:44,1/11/2020 22:45
45,2123,birdla,  10:44:53,-37,1/11/2020 22:45,1/11/2020 22:45
45,519,birdsm,  10:44:53,-17,1/11/2020 22:45,1/11/2020 22:45
45,5303,lime,  10:44:50,1,1/11/2020 22:45,1/11/2020 22:45
45,295,spin,  10:44:53,1,1/11/2020 22:45,1/11/2020 22:45
46,608,wheels,  10:59:46,-14,1/11/2020 22:59,1/11/2020 23:00
46,2125,birdla,  10:59:51,2,1/11/2020 23:00,1/11/2020 23:00
46,540,birdsm,  10:59:52,21,1/11/2020 23:00,1/11/2020 23:00
46,5314,lime,  10:59:49,11,1/11/2020 23:00,1/11/2020 23:00
46,295,spin,  10:59:52,0,1/11/2020 23:00,1/11/2020 23:00
47,605,wheels,  11:15:45,-3,1/11/2020 23:15,1/11/2020 23:15
47,2114,birdla,  11:15:50,-11,1/11/2020 23:15,1/11/2020 23:15
47,525,birdsm,  11:15:51,-15,1/11/2020 23:15,1/11/2020 23:15
47,5308,lime,  11:15:48,-6,1/11/2020 23:15,1/11/2020 23:15
47,298,spin,  11:15:51,3,1/11/2020 23:15,1/11/2020 23:15
48,599,wheels,  11:29:43,-6,1/11/2020 23:29,1/11/2020 23:30
48,2117,birdla,  11:29:48,3,1/11/2020 23:30,1/11/2020 23:30
48,535,birdsm,  11:29:49,10,1/11/2020 23:30,1/11/2020 23:30
48,5314,lime,  11:29:46,6,1/11/2020 23:30,1/11/2020 23:30
48,296,spin,  11:29:49,-2,1/11/2020 23:30,1/11/2020 23:30
49,598,wheels,  11:44:42,-1,1/11/2020 23:44,1/11/2020 23:45
49,2070,birdla,  11:44:47,-47,1/11/2020 23:45,1/11/2020 23:45
49,522,birdsm,  11:44:47,-13,1/11/2020 23:45,1/11/2020 23:45
49,5307,lime,  11:44:45,-7,1/11/2020 23:45,1/11/2020 23:45
49,297,spin,  11:44:47,1,1/11/2020 23:45,1/11/2020 23:45
50,597,wheels,  11:59:40,-1,1/11/2020 23:59,1/12/2020 0:00
50,2085,birdla,  11:59:45,15,1/12/2020 0:00,1/12/2020 0:00
50,525,birdsm,  11:59:46,3,1/12/2020 0:00,1/12/2020 0:00
50,5302,lime,  11:59:43,-5,1/12/2020 0:00,1/12/2020 0:00
50,299,spin,  11:59:46,2,1/12/2020 0:00,1/12/2020 0:00
51,598,wheels,  12:15:39,1,1/12/2020 0:15,1/12/2020 0:15
51,2066,birdla,  12:15:45,-19,1/12/2020 0:15,1/12/2020 0:15
51,517,birdsm,  12:15:45,-8,1/12/2020 0:15,1/12/2020 0:15
51,5293,lime,  12:15:42,-9,1/12/2020 0:15,1/12/2020 0:15
51,298,spin,  12:15:46,-1,1/12/2020 0:15,1/12/2020 0:15
52,590,wheels,  12:29:38,-8,1/12/2020 0:29,1/12/2020 0:30
52,2076,birdla,  12:29:44,10,1/12/2020 0:30,1/12/2020 0:30
52,522,birdsm,  12:29:44,5,1/12/2020 0:30,1/12/2020 0:30
52,5276,lime,  12:29:41,-17,1/12/2020 0:30,1/12/2020 0:30
52,295,spin,  12:29:44,-3,1/12/2020 0:30,1/12/2020 0:30
53,595,wheels,  12:44:37,5,1/12/2020 0:44,1/12/2020 0:45
53,2056,birdla,  12:44:43,-20,1/12/2020 0:45,1/12/2020 0:45
53,512,birdsm,  12:44:43,-10,1/12/2020 0:45,1/12/2020 0:45
53,5281,lime,  12:44:40,5,1/12/2020 0:45,1/12/2020 0:45
53,296,spin,  12:44:44,1,1/12/2020 0:45,1/12/2020 0:45
54,613,wheels,  12:59:36,18,1/12/2020 0:59,1/12/2020 1:00
54,2052,birdla,  12:59:42,-4,1/12/2020 1:00,1/12/2020 1:00
54,502,birdsm,  12:59:43,-10,1/12/2020 1:00,1/12/2020 1:00
54,5281,lime,  12:59:39,0,1/12/2020 1:00,1/12/2020 1:00
54,291,spin,  12:59:43,-5,1/12/2020 1:00,1/12/2020 1:00
55,606,wheels,  1:15:36,-7,1/12/2020 1:15,1/12/2020 1:15
55,2055,birdla,  1:15:41,3,1/12/2020 1:15,1/12/2020 1:15
55,494,birdsm,  1:15:41,-8,1/12/2020 1:15,1/12/2020 1:15
55,5261,lime,  1:15:39,-20,1/12/2020 1:15,1/12/2020 1:15
55,294,spin,  1:15:42,3,1/12/2020 1:15,1/12/2020 1:15
56,606,wheels,  1:29:35,0,1/12/2020 1:29,1/12/2020 1:30
56,2045,birdla,  1:29:40,-10,1/12/2020 1:30,1/12/2020 1:30
56,502,birdsm,  1:29:40,8,1/12/2020 1:30,1/12/2020 1:30
56,5261,lime,  1:29:38,0,1/12/2020 1:30,1/12/2020 1:30
56,293,spin,  1:29:40,-1,1/12/2020 1:30,1/12/2020 1:30
57,608,wheels,  1:44:33,2,1/12/2020 1:44,1/12/2020 1:45
57,2056,birdla,  1:44:38,11,1/12/2020 1:45,1/12/2020 1:45
57,496,birdsm,  1:44:39,-6,1/12/2020 1:45,1/12/2020 1:45
57,5244,lime,  1:44:36,-17,1/12/2020 1:45,1/12/2020 1:45
57,295,spin,  1:44:39,2,1/12/2020 1:45,1/12/2020 1:45
58,617,wheels,  1:59:32,9,1/12/2020 1:59,1/12/2020 2:00
58,2062,birdla,  1:59:37,6,1/12/2020 2:00,1/12/2020 2:00
58,506,birdsm,  1:59:37,10,1/12/2020 2:00,1/12/2020 2:00
58,5234,lime,  1:59:35,-10,1/12/2020 2:00,1/12/2020 2:00
58,297,spin,  1:59:38,2,1/12/2020 2:00,1/12/2020 2:00
59,621,wheels,  2:15:30,4,1/12/2020 2:15,1/12/2020 2:15
59,2067,birdla,  2:15:35,5,1/12/2020 2:15,1/12/2020 2:15
59,519,birdsm,  2:15:36,13,1/12/2020 2:15,1/12/2020 2:15
59,5222,lime,  2:15:33,-12,1/12/2020 2:15,1/12/2020 2:15
59,300,spin,  2:15:36,3,1/12/2020 2:15,1/12/2020 2:15
60,620,wheels,  2:29:29,-1,1/12/2020 2:29,1/12/2020 2:30
60,2089,birdla,  2:29:34,22,1/12/2020 2:30,1/12/2020 2:30
60,521,birdsm,  2:29:34,2,1/12/2020 2:30,1/12/2020 2:30
60,5211,lime,  2:29:32,-11,1/12/2020 2:30,1/12/2020 2:30
60,300,spin,  2:29:35,0,1/12/2020 2:30,1/12/2020 2:30
61,613,wheels,  2:44:28,-7,1/12/2020 2:44,1/12/2020 2:45
61,2103,birdla,  2:44:32,14,1/12/2020 2:45,1/12/2020 2:45
61,512,birdsm,  2:44:33,-9,1/12/2020 2:45,1/12/2020 2:45
61,5193,lime,  2:44:31,-18,1/12/2020 2:45,1/12/2020 2:45
61,297,spin,  2:44:33,-3,1/12/2020 2:45,1/12/2020 2:45
62,616,wheels,  2:59:26,3,1/12/2020 2:59,1/12/2020 3:00
62,2087,birdla,  2:59:31,-16,1/12/2020 3:00,1/12/2020 3:00
62,514,birdsm,  2:59:31,2,1/12/2020 3:00,1/12/2020 3:00
62,5173,lime,  2:59:29,-20,1/12/2020 3:00,1/12/2020 3:00
62,300,spin,  2:59:32,3,1/12/2020 3:00,1/12/2020 3:00
63,617,wheels,  3:15:24,1,1/12/2020 3:15,1/12/2020 3:15
63,2064,birdla,  3:15:30,-23,1/12/2020 3:15,1/12/2020 3:15
63,514,birdsm,  3:15:30,0,1/12/2020 3:15,1/12/2020 3:15
63,5162,lime,  3:15:27,-11,1/12/2020 3:15,1/12/2020 3:15
63,299,spin,  3:15:31,-1,1/12/2020 3:15,1/12/2020 3:15
64,619,wheels,  3:29:23,2,1/12/2020 3:29,1/12/2020 3:30
64,2083,birdla,  3:29:29,19,1/12/2020 3:30,1/12/2020 3:30
64,515,birdsm,  3:29:29,1,1/12/2020 3:30,1/12/2020 3:30
64,5152,lime,  3:29:26,-10,1/12/2020 3:30,1/12/2020 3:30
64,300,spin,  3:29:29,1,1/12/2020 3:30,1/12/2020 3:30
65,615,wheels,  3:44:22,-4,1/12/2020 3:44,1/12/2020 3:45
65,2085,birdla,  3:44:27,2,1/12/2020 3:45,1/12/2020 3:45
65,518,birdsm,  3:44:27,3,1/12/2020 3:45,1/12/2020 3:45
65,5143,lime,  3:44:25,-9,1/12/2020 3:45,1/12/2020 3:45
65,301,spin,  3:44:28,1,1/12/2020 3:45,1/12/2020 3:45
66,611,wheels,  3:59:20,-4,1/12/2020 3:59,1/12/2020 4:00
66,2096,birdla,  3:59:25,11,1/12/2020 4:00,1/12/2020 4:00
66,517,birdsm,  3:59:26,-1,1/12/2020 4:00,1/12/2020 4:00
66,5132,lime,  3:59:23,-11,1/12/2020 4:00,1/12/2020 4:00
66,299,spin,  3:59:26,-2,1/12/2020 4:00,1/12/2020 4:00
67,612,wheels,  4:15:19,1,1/12/2020 4:15,1/12/2020 4:15
67,2117,birdla,  4:15:24,21,1/12/2020 4:15,1/12/2020 4:15
67,524,birdsm,  4:15:24,7,1/12/2020 4:15,1/12/2020 4:15
67,5120,lime,  4:15:22,-12,1/12/2020 4:15,1/12/2020 4:15
67,298,spin,  4:15:27,-1,1/12/2020 4:15,1/12/2020 4:15
68,606,wheels,  4:29:19,-6,1/12/2020 4:29,1/12/2020 4:30
68,2123,birdla,  4:29:25,6,1/12/2020 4:30,1/12/2020 4:30
68,525,birdsm,  4:29:26,1,1/12/2020 4:30,1/12/2020 4:30
68,5099,lime,  4:29:23,-21,1/12/2020 4:30,1/12/2020 4:30
68,274,spin,  4:29:26,-24,1/12/2020 4:30,1/12/2020 4:30
69,611,wheels,  4:44:19,5,1/12/2020 4:44,1/12/2020 4:45
69,2127,birdla,  4:44:24,4,1/12/2020 4:45,1/12/2020 4:45
69,521,birdsm,  4:44:24,-4,1/12/2020 4:45,1/12/2020 4:45
69,5085,lime,  4:44:22,-14,1/12/2020 4:45,1/12/2020 4:45
69,244,spin,  4:44:25,-30,1/12/2020 4:45,1/12/2020 4:45
70,609,wheels,  4:59:17,-2,1/12/2020 4:59,1/12/2020 5:00
70,2143,birdla,  4:59:23,16,1/12/2020 5:00,1/12/2020 5:00
70,520,birdsm,  4:59:23,-1,1/12/2020 5:00,1/12/2020 5:00
70,5053,lime,  4:59:20,-32,1/12/2020 5:00,1/12/2020 5:00
70,220,spin,  4:59:24,-24,1/12/2020 5:00,1/12/2020 5:00
71,604,wheels,  5:15:16,-5,1/12/2020 5:15,1/12/2020 5:15
71,2149,birdla,  5:15:21,6,1/12/2020 5:15,1/12/2020 5:15
71,513,birdsm,  5:15:22,-7,1/12/2020 5:15,1/12/2020 5:15
71,5038,lime,  5:15:19,-15,1/12/2020 5:15,1/12/2020 5:15
71,194,spin,  5:15:22,-26,1/12/2020 5:15,1/12/2020 5:15
72,605,wheels,  5:29:15,1,1/12/2020 5:29,1/12/2020 5:30
72,2161,birdla,  5:29:21,12,1/12/2020 5:30,1/12/2020 5:30
72,516,birdsm,  5:29:21,3,1/12/2020 5:30,1/12/2020 5:30
72,5025,lime,  5:29:18,-13,1/12/2020 5:30,1/12/2020 5:30
72,174,spin,  5:29:21,-20,1/12/2020 5:30,1/12/2020 5:30
73,605,wheels,  5:44:15,0,1/12/2020 5:44,1/12/2020 5:45
73,2149,birdla,  5:44:19,-12,1/12/2020 5:45,1/12/2020 5:45
73,520,birdsm,  5:44:19,4,1/12/2020 5:45,1/12/2020 5:45
73,5021,lime,  5:44:17,-4,1/12/2020 5:45,1/12/2020 5:45
73,170,spin,  5:44:20,-4,1/12/2020 5:45,1/12/2020 5:45
74,612,wheels,  5:59:13,7,1/12/2020 5:59,1/12/2020 6:00
74,2148,birdla,  5:59:18,-1,1/12/2020 6:00,1/12/2020 6:00
74,525,birdsm,  5:59:18,5,1/12/2020 6:00,1/12/2020 6:00
74,5011,lime,  5:59:16,-10,1/12/2020 6:00,1/12/2020 6:00
74,170,spin,  5:59:18,0,1/12/2020 6:00,1/12/2020 6:00
75,594,wheels,  6:15:11,-18,1/12/2020 6:15,1/12/2020 6:15
75,2077,birdla,  6:15:17,-71,1/12/2020 6:15,1/12/2020 6:15
75,512,birdsm,  6:15:17,-13,1/12/2020 6:15,1/12/2020 6:15
75,5003,lime,  6:15:15,-8,1/12/2020 6:15,1/12/2020 6:15
75,168,spin,  6:15:17,-2,1/12/2020 6:15,1/12/2020 6:15
76,571,wheels,  6:29:10,-23,1/12/2020 6:29,1/12/2020 6:30
76,2069,birdla,  6:29:15,-8,1/12/2020 6:30,1/12/2020 6:30
76,515,birdsm,  6:29:15,3,1/12/2020 6:30,1/12/2020 6:30
76,4982,lime,  6:29:13,-21,1/12/2020 6:30,1/12/2020 6:30
76,169,spin,  6:29:16,1,1/12/2020 6:30,1/12/2020 6:30
77,543,wheels,  6:44:09,-28,1/12/2020 6:44,1/12/2020 6:45
77,2082,birdla,  6:44:13,13,1/12/2020 6:45,1/12/2020 6:45
77,509,birdsm,  6:44:15,-6,1/12/2020 6:45,1/12/2020 6:45
77,4976,lime,  6:44:11,-6,1/12/2020 6:45,1/12/2020 6:45
77,170,spin,  6:44:15,1,1/12/2020 6:45,1/12/2020 6:45
78,529,wheels,  6:59:07,-14,1/12/2020 6:59,1/12/2020 7:00
78,2089,birdla,  6:59:12,7,1/12/2020 7:00,1/12/2020 7:00
78,512,birdsm,  6:59:12,3,1/12/2020 7:00,1/12/2020 7:00
78,4975,lime,  6:59:10,-1,1/12/2020 7:00,1/12/2020 7:00
78,169,spin,  6:59:13,-1,1/12/2020 7:00,1/12/2020 7:00
79,522,wheels,  7:15:06,-7,1/12/2020 7:15,1/12/2020 7:15
79,2116,birdla,  7:15:11,27,1/12/2020 7:15,1/12/2020 7:15
79,516,birdsm,  7:15:11,4,1/12/2020 7:15,1/12/2020 7:15
79,4965,lime,  7:15:09,-10,1/12/2020 7:15,1/12/2020 7:15
79,169,spin,  7:15:12,0,1/12/2020 7:15,1/12/2020 7:15
80,525,wheels,  7:29:05,3,1/12/2020 7:29,1/12/2020 7:30
80,2116,birdla,  7:29:09,0,1/12/2020 7:30,1/12/2020 7:30
80,514,birdsm,  7:29:10,-2,1/12/2020 7:30,1/12/2020 7:30
80,4965,lime,  7:29:08,0,1/12/2020 7:30,1/12/2020 7:30
80,169,spin,  7:29:10,0,1/12/2020 7:30,1/12/2020 7:30
81,533,wheels,  7:44:03,8,1/12/2020 7:44,1/12/2020 7:45
81,2103,birdla,  7:44:08,-13,1/12/2020 7:45,1/12/2020 7:45
81,520,birdsm,  7:44:08,6,1/12/2020 7:45,1/12/2020 7:45
81,4975,lime,  7:44:06,10,1/12/2020 7:45,1/12/2020 7:45
81,169,spin,  7:44:08,0,1/12/2020 7:45,1/12/2020 7:45
82,524,wheels,  7:59:01,-9,1/12/2020 7:59,1/12/2020 8:00
82,2093,birdla,  7:59:06,-10,1/12/2020 8:00,1/12/2020 8:00
82,516,birdsm,  7:59:06,-4,1/12/2020 8:00,1/12/2020 8:00
82,4975,lime,  7:59:04,0,1/12/2020 8:00,1/12/2020 8:00
82,170,spin,  7:59:07,1,1/12/2020 8:00,1/12/2020 8:00
83,524,wheels,  8:15:00,0,1/12/2020 8:15,1/12/2020 8:15
83,2112,birdla,  8:15:05,19,1/12/2020 8:15,1/12/2020 8:15
83,517,birdsm,  8:15:05,1,1/12/2020 8:15,1/12/2020 8:15
83,4967,lime,  8:15:03,-8,1/12/2020 8:15,1/12/2020 8:15
83,170,spin,  8:15:05,0,1/12/2020 8:15,1/12/2020 8:15
84,520,wheels,  8:28:58,-4,1/12/2020 8:28,1/12/2020 8:30
84,2137,birdla,  8:29:03,25,1/12/2020 8:30,1/12/2020 8:30
84,520,birdsm,  8:29:04,3,1/12/2020 8:30,1/12/2020 8:30
84,4971,lime,  8:29:01,4,1/12/2020 8:30,1/12/2020 8:30
84,170,spin,  8:29:04,0,1/12/2020 8:30,1/12/2020 8:30
85,514,wheels,  8:43:58,-6,1/12/2020 8:43,1/12/2020 8:45
85,2136,birdla,  8:44:02,-1,1/12/2020 8:45,1/12/2020 8:45
85,520,birdsm,  8:44:03,0,1/12/2020 8:45,1/12/2020 8:45
85,4971,lime,  8:44:01,0,1/12/2020 8:45,1/12/2020 8:45
85,170,spin,  8:44:03,0,1/12/2020 8:45,1/12/2020 8:45
86,507,wheels,  8:58:56,-7,1/12/2020 8:58,1/12/2020 9:00
86,2134,birdla,  8:59:01,-2,1/12/2020 9:00,1/12/2020 9:00
86,520,birdsm,  8:59:01,0,1/12/2020 9:00,1/12/2020 9:00
86,4971,lime,  8:58:59,0,1/12/2020 9:00,1/12/2020 9:00
86,168,spin,  8:59:01,-2,1/12/2020 9:00,1/12/2020 9:00
87,517,wheels,  9:13:54,10,1/12/2020 9:13,1/12/2020 9:15
87,2141,birdla,  9:13:59,7,1/12/2020 9:15,1/12/2020 9:15
87,520,birdsm,  9:15:00,0,1/12/2020 9:15,1/12/2020 9:15
87,4968,lime,  9:13:57,-3,1/12/2020 9:15,1/12/2020 9:15
87,168,spin,  9:15:00,0,1/12/2020 9:15,1/12/2020 9:15
88,518,wheels,  9:28:53,1,1/12/2020 9:28,1/12/2020 9:30
88,2149,birdla,  9:28:58,8,1/12/2020 9:30,1/12/2020 9:30
88,520,birdsm,  9:28:58,0,1/12/2020 9:30,1/12/2020 9:30
88,4965,lime,  9:28:56,-3,1/12/2020 9:30,1/12/2020 9:30
88,169,spin,  9:28:58,1,1/12/2020 9:30,1/12/2020 9:30
89,520,wheels,  9:43:52,2,1/12/2020 9:43,1/12/2020 9:45
89,2150,birdla,  9:43:58,1,1/12/2020 9:45,1/12/2020 9:45
89,519,birdsm,  9:43:58,-1,1/12/2020 9:45,1/12/2020 9:45
89,4962,lime,  9:43:55,-3,1/12/2020 9:45,1/12/2020 9:45
89,168,spin,  9:43:58,-1,1/12/2020 9:45,1/12/2020 9:45
90,518,wheels,  9:58:51,-2,1/12/2020 9:58,1/12/2020 10:00
90,2154,birdla,  9:58:56,4,1/12/2020 10:00,1/12/2020 10:00
90,517,birdsm,  9:58:57,-2,1/12/2020 10:00,1/12/2020 10:00
90,4976,lime,  9:58:55,14,1/12/2020 10:00,1/12/2020 10:00
90,168,spin,  9:58:57,0,1/12/2020 10:00,1/12/2020 10:00
91,512,wheels,  10:13:50,-6,1/12/2020 10:13,1/12/2020 10:15
91,2155,birdla,  10:13:56,1,1/12/2020 10:15,1/12/2020 10:15
91,517,birdsm,  10:13:56,0,1/12/2020 10:15,1/12/2020 10:15
91,4980,lime,  10:13:53,4,1/12/2020 10:15,1/12/2020 10:15
91,168,spin,  10:13:56,0,1/12/2020 10:15,1/12/2020 10:15
92,507,wheels,  10:28:49,-5,1/12/2020 10:28,1/12/2020 10:30
92,2161,birdla,  10:28:55,6,1/12/2020 10:30,1/12/2020 10:30
92,518,birdsm,  10:28:55,1,1/12/2020 10:30,1/12/2020 10:30
92,4981,lime,  10:28:52,1,1/12/2020 10:30,1/12/2020 10:30
92,168,spin,  10:28:56,0,1/12/2020 10:30,1/12/2020 10:30
93,496,wheels,  10:43:48,-11,1/12/2020 10:43,1/12/2020 10:45
93,2159,birdla,  10:43:54,-2,1/12/2020 10:45,1/12/2020 10:45
93,518,birdsm,  10:43:54,0,1/12/2020 10:45,1/12/2020 10:45
93,4987,lime,  10:43:51,6,1/12/2020 10:45,1/12/2020 10:45
93,168,spin,  10:43:54,0,1/12/2020 10:45,1/12/2020 10:45
94,503,wheels,  10:58:47,7,1/12/2020 10:58,1/12/2020 11:00
94,2161,birdla,  10:58:52,2,1/12/2020 10:59,1/12/2020 11:00
94,514,birdsm,  10:58:52,-4,1/12/2020 11:00,1/12/2020 11:00
94,5004,lime,  10:58:50,17,1/12/2020 11:00,1/12/2020 11:00
94,168,spin,  10:58:53,0,1/12/2020 11:00,1/12/2020 11:00
95,497,wheels,  11:13:45,-6,1/12/2020 11:13,1/12/2020 11:15
95,2169,birdla,  11:13:51,8,1/12/2020 11:15,1/12/2020 11:15
95,510,birdsm,  11:13:51,-4,1/12/2020 11:15,1/12/2020 11:15
95,5043,lime,  11:13:48,39,1/12/2020 11:15,1/12/2020 11:15
95,168,spin,  11:13:51,0,1/12/2020 11:15,1/12/2020 11:15
96,488,wheels,  11:28:44,-9,1/12/2020 11:28,1/12/2020 11:30
96,2175,birdla,  11:28:49,6,1/12/2020 11:29,1/12/2020 11:30
96,509,birdsm,  11:28:50,-1,1/12/2020 11:30,1/12/2020 11:30
96,5057,lime,  11:28:47,14,1/12/2020 11:30,1/12/2020 11:30
96,168,spin,  11:28:50,0,1/12/2020 11:30,1/12/2020 11:30
97,489,wheels,  11:43:43,1,1/12/2020 11:43,1/12/2020 11:45
97,2175,birdla,  11:43:48,0,1/12/2020 11:44,1/12/2020 11:45
97,509,birdsm,  11:43:48,0,1/12/2020 11:45,1/12/2020 11:45
97,5067,lime,  11:43:46,10,1/12/2020 11:45,1/12/2020 11:45
97,168,spin,  11:43:49,0,1/12/2020 11:45,1/12/2020 11:45
98,487,wheels,  11:58:41,-2,1/12/2020 11:58,1/12/2020 12:00
98,2172,birdla,  11:58:47,-3,1/12/2020 11:59,1/12/2020 12:00
98,512,birdsm,  11:58:47,3,1/12/2020 12:00,1/12/2020 12:00
98,5059,lime,  11:58:45,-8,1/12/2020 12:00,1/12/2020 12:00
98,168,spin,  11:58:48,0,1/12/2020 12:00,1/12/2020 12:00
99,485,wheels,  12:13:40,-2,1/12/2020 12:13,1/12/2020 12:15
99,2168,birdla,  12:13:45,-4,1/12/2020 12:15,1/12/2020 12:15
99,509,birdsm,  12:13:45,-3,1/12/2020 12:15,1/12/2020 12:15
99,5060,lime,  12:13:43,1,1/12/2020 12:15,1/12/2020 12:15
99,173,spin,  12:13:46,5,1/12/2020 12:15,1/12/2020 12:15
100,484,wheels,  12:28:39,-1,1/12/2020 12:28,1/12/2020 12:30
100,2170,birdla,  12:28:43,2,1/12/2020 12:29,1/12/2020 12:30
100,507,birdsm,  12:28:44,-2,1/12/2020 12:30,1/12/2020 12:30
100,5065,lime,  12:28:42,5,1/12/2020 12:30,1/12/2020 12:30
100,198,spin,  12:28:44,25,1/12/2020 12:30,1/12/2020 12:30
101,496,wheels,  12:43:37,12,1/12/2020 12:43,1/12/2020 12:45
101,2166,birdla,  12:43:45,-4,1/12/2020 12:44,1/12/2020 12:45
101,508,birdsm,  12:43:47,1,1/12/2020 12:45,1/12/2020 12:45
101,5074,lime,  12:43:40,9,1/12/2020 12:45,1/12/2020 12:45
101,218,spin,  12:43:47,20,1/12/2020 12:45,1/12/2020 12:45
102,513,wheels,  12:58:40,17,1/12/2020 12:58,1/12/2020 13:00
102,2167,birdla,  12:58:45,1,1/12/2020 12:59,1/12/2020 13:00
102,510,birdsm,  12:58:46,2,1/12/2020 13:00,1/12/2020 13:00
102,5078,lime,  12:58:43,4,1/12/2020 13:00,1/12/2020 13:00
102,241,spin,  12:58:46,23,1/12/2020 13:00,1/12/2020 13:00
103,502,wheels,  1:13:39,-11,1/12/2020 13:13,1/12/2020 13:15
103,2173,birdla,  1:13:44,6,1/12/2020 13:15,1/12/2020 13:15
103,512,birdsm,  1:13:44,2,1/12/2020 13:15,1/12/2020 13:15
103,5076,lime,  1:13:42,-2,1/12/2020 13:15,1/12/2020 13:15
103,257,spin,  1:13:44,16,1/12/2020 13:15,1/12/2020 13:15
104,514,wheels,  1:28:37,12,1/12/2020 13:28,1/12/2020 13:30
104,2174,birdla,  1:28:43,1,1/12/2020 13:29,1/12/2020 13:30
104,514,birdsm,  1:28:43,2,1/12/2020 13:30,1/12/2020 13:30
104,5071,lime,  1:28:41,-5,1/12/2020 13:30,1/12/2020 13:30
104,263,spin,  1:28:44,6,1/12/2020 13:30,1/12/2020 13:30
105,526,wheels,  1:43:36,12,1/12/2020 13:43,1/12/2020 13:45
105,2158,birdla,  1:43:42,-16,1/12/2020 13:44,1/12/2020 13:45
105,509,birdsm,  1:43:42,-5,1/12/2020 13:45,1/12/2020 13:45
105,5084,lime,  1:43:39,13,1/12/2020 13:45,1/12/2020 13:45
105,267,spin,  1:43:43,4,1/12/2020 13:45,1/12/2020 13:45
106,531,wheels,  1:58:36,5,1/12/2020 13:58,1/12/2020 14:00
106,2165,birdla,  1:58:42,7,1/12/2020 13:59,1/12/2020 14:00
106,508,birdsm,  1:58:42,-1,1/12/2020 14:00,1/12/2020 14:00
106,5091,lime,  1:58:39,7,1/12/2020 14:00,1/12/2020 14:00
106,271,spin,  1:58:42,4,1/12/2020 14:00,1/12/2020 14:00
107,534,wheels,  2:13:35,3,1/12/2020 14:13,1/12/2020 14:15
107,2178,birdla,  2:13:41,13,1/12/2020 14:15,1/12/2020 14:15
107,510,birdsm,  2:13:41,2,1/12/2020 14:15,1/12/2020 14:15
107,5099,lime,  2:13:38,8,1/12/2020 14:15,1/12/2020 14:15
107,281,spin,  2:13:41,10,1/12/2020 14:15,1/12/2020 14:15
108,533,wheels,  2:28:34,-1,1/12/2020 14:28,1/12/2020 14:30
108,2197,birdla,  2:28:40,19,1/12/2020 14:29,1/12/2020 14:30
108,516,birdsm,  2:28:40,6,1/12/2020 14:30,1/12/2020 14:30
108,5104,lime,  2:28:37,5,1/12/2020 14:30,1/12/2020 14:30
108,287,spin,  2:28:40,6,1/12/2020 14:30,1/12/2020 14:30
109,534,wheels,  2:43:33,1,1/12/2020 14:43,1/12/2020 14:45
109,2196,birdla,  2:43:39,-1,1/12/2020 14:44,1/12/2020 14:45
109,523,birdsm,  2:43:39,7,1/12/2020 14:45,1/12/2020 14:45
109,5119,lime,  2:43:36,15,1/12/2020 14:45,1/12/2020 14:45
109,297,spin,  2:43:39,10,1/12/2020 14:45,1/12/2020 14:45
110,532,wheels,  2:58:32,-2,1/12/2020 14:58,1/12/2020 15:00
110,2195,birdla,  2:58:37,-1,1/12/2020 14:59,1/12/2020 15:00
110,527,birdsm,  2:58:38,4,1/12/2020 15:00,1/12/2020 15:00
110,5116,lime,  2:58:35,-3,1/12/2020 15:00,1/12/2020 15:00
110,297,spin,  2:58:38,0,1/12/2020 15:00,1/12/2020 15:00
111,534,wheels,  3:13:31,2,1/12/2020 15:13,1/12/2020 15:15
111,2188,birdla,  3:13:36,-7,1/12/2020 15:15,1/12/2020 15:15
111,524,birdsm,  3:13:37,-3,1/12/2020 15:15,1/12/2020 15:15
111,5127,lime,  3:13:34,11,1/12/2020 15:15,1/12/2020 15:15
111,297,spin,  3:13:37,0,1/12/2020 15:15,1/12/2020 15:15
112,531,wheels,  3:28:30,-3,1/12/2020 15:28,1/12/2020 15:30
112,2184,birdla,  3:28:35,-4,1/12/2020 15:29,1/12/2020 15:30
112,528,birdsm,  3:28:35,4,1/12/2020 15:30,1/12/2020 15:30
112,5126,lime,  3:28:33,-1,1/12/2020 15:30,1/12/2020 15:30
112,297,spin,  3:28:36,0,1/12/2020 15:30,1/12/2020 15:30
113,536,wheels,  3:43:29,5,1/12/2020 15:43,1/12/2020 15:45
113,2198,birdla,  3:43:34,14,1/12/2020 15:44,1/12/2020 15:45
113,540,birdsm,  3:43:35,12,1/12/2020 15:45,1/12/2020 15:45
113,5125,lime,  3:43:32,-1,1/12/2020 15:45,1/12/2020 15:45
113,297,spin,  3:43:35,0,1/12/2020 15:45,1/12/2020 15:45
114,546,wheels,  3:58:28,10,1/12/2020 15:58,1/12/2020 16:00
114,2226,birdla,  3:58:33,28,1/12/2020 15:59,1/12/2020 16:00
114,537,birdsm,  3:58:33,-3,1/12/2020 16:00,1/12/2020 16:00
114,5132,lime,  3:58:31,7,1/12/2020 16:00,1/12/2020 16:00
114,297,spin,  3:58:34,0,1/12/2020 16:00,1/12/2020 16:00
115,555,wheels,  4:13:26,9,1/12/2020 16:13,1/12/2020 16:15
115,2218,birdla,  4:13:32,-8,1/12/2020 16:15,1/12/2020 16:15
115,542,birdsm,  4:13:32,5,1/12/2020 16:15,1/12/2020 16:15
115,5127,lime,  4:13:29,-5,1/12/2020 16:15,1/12/2020 16:15
115,297,spin,  4:13:32,0,1/12/2020 16:15,1/12/2020 16:15
116,561,wheels,  4:28:25,6,1/12/2020 16:28,1/12/2020 16:30
116,2218,birdla,  4:28:31,0,1/12/2020 16:29,1/12/2020 16:30
116,547,birdsm,  4:28:31,5,1/12/2020 16:30,1/12/2020 16:30
116,5121,lime,  4:28:28,-6,1/12/2020 16:30,1/12/2020 16:30
116,297,spin,  4:28:31,0,1/12/2020 16:30,1/12/2020 16:30
117,568,wheels,  4:43:25,7,1/12/2020 16:43,1/12/2020 16:45
117,2212,birdla,  4:43:32,-6,1/12/2020 16:44,1/12/2020 16:45
117,555,birdsm,  4:43:32,8,1/12/2020 16:45,1/12/2020 16:45
117,5122,lime,  4:43:30,1,1/12/2020 16:45,1/12/2020 16:45
117,297,spin,  4:43:32,0,1/12/2020 16:45,1/12/2020 16:45
118,570,wheels,  4:58:25,2,1/12/2020 16:58,1/12/2020 17:00
118,2229,birdla,  4:58:32,17,1/12/2020 16:59,1/12/2020 17:00
118,559,birdsm,  4:58:32,4,1/12/2020 17:00,1/12/2020 17:00
118,5123,lime,  4:58:28,1,1/12/2020 17:00,1/12/2020 17:00
118,298,spin,  4:58:33,1,1/12/2020 17:00,1/12/2020 17:00
119,570,wheels,  5:13:25,0,1/12/2020 17:13,1/12/2020 17:15
119,2226,birdla,  5:13:31,-3,1/12/2020 17:15,1/12/2020 17:15
119,552,birdsm,  5:13:31,-7,1/12/2020 17:15,1/12/2020 17:15
119,5131,lime,  5:13:28,8,1/12/2020 17:15,1/12/2020 17:15
119,295,spin,  5:13:32,-3,1/12/2020 17:15,1/12/2020 17:15
120,576,wheels,  5:28:24,6,1/12/2020 17:28,1/12/2020 17:30
120,2234,birdla,  5:28:30,8,1/12/2020 17:29,1/12/2020 17:30
120,555,birdsm,  5:28:31,3,1/12/2020 17:30,1/12/2020 17:30
120,5126,lime,  5:28:27,-5,1/12/2020 17:30,1/12/2020 17:30
120,298,spin,  5:28:32,3,1/12/2020 17:30,1/12/2020 17:30
121,581,wheels,  5:43:28,5,1/12/2020 17:43,1/12/2020 17:45
121,2210,birdla,  5:43:33,-24,1/12/2020 17:44,1/12/2020 17:45
121,552,birdsm,  5:43:34,-3,1/12/2020 17:45,1/12/2020 17:45
121,5124,lime,  5:43:31,-2,1/12/2020 17:45,1/12/2020 17:45
121,298,spin,  5:43:34,0,1/12/2020 17:45,1/12/2020 17:45
122,579,wheels,  5:58:27,-2,1/12/2020 17:58,1/12/2020 18:00
122,2211,birdla,  5:58:33,1,1/12/2020 17:59,1/12/2020 18:00
122,552,birdsm,  5:58:33,0,1/12/2020 18:00,1/12/2020 18:00
122,5128,lime,  5:58:30,4,1/12/2020 18:00,1/12/2020 18:00
122,298,spin,  5:58:33,0,1/12/2020 18:00,1/12/2020 18:00
123,580,wheels,  6:13:26,1,1/12/2020 18:13,1/12/2020 18:15
123,2175,birdla,  6:13:32,-36,1/12/2020 18:15,1/12/2020 18:15
123,559,birdsm,  6:13:32,7,1/12/2020 18:15,1/12/2020 18:15
123,5129,lime,  6:13:29,1,1/12/2020 18:15,1/12/2020 18:15
123,298,spin,  6:13:33,0,1/12/2020 18:15,1/12/2020 18:15
124,581,wheels,  6:28:25,1,1/12/2020 18:28,1/12/2020 18:30
124,2175,birdla,  6:28:31,0,1/12/2020 18:29,1/12/2020 18:30
124,567,birdsm,  6:28:31,8,1/12/2020 18:30,1/12/2020 18:30
124,5132,lime,  6:28:28,3,1/12/2020 18:30,1/12/2020 18:30
124,297,spin,  6:28:31,-1,1/12/2020 18:30,1/12/2020 18:30
125,573,wheels,  6:43:24,-8,1/12/2020 18:43,1/12/2020 18:45
125,2167,birdla,  6:43:29,-8,1/12/2020 18:44,1/12/2020 18:45
125,567,birdsm,  6:43:30,0,1/12/2020 18:45,1/12/2020 18:45
125,5132,lime,  6:43:27,0,1/12/2020 18:45,1/12/2020 18:45
125,297,spin,  6:43:30,0,1/12/2020 18:45,1/12/2020 18:45
126,577,wheels,  6:58:23,4,1/12/2020 18:58,1/12/2020 19:00
126,2175,birdla,  6:58:29,8,1/12/2020 18:59,1/12/2020 19:00
126,582,birdsm,  6:58:29,15,1/12/2020 19:00,1/12/2020 19:00
126,5127,lime,  6:58:27,-5,1/12/2020 19:00,1/12/2020 19:00
126,297,spin,  6:58:30,0,1/12/2020 19:00,1/12/2020 19:00
127,575,wheels,  7:13:23,-2,1/12/2020 19:13,1/12/2020 19:15
127,2146,birdla,  7:13:29,-29,1/12/2020 19:15,1/12/2020 19:15
127,583,birdsm,  7:13:29,1,1/12/2020 19:15,1/12/2020 19:15
127,5124,lime,  7:13:26,-3,1/12/2020 19:15,1/12/2020 19:15
127,297,spin,  7:13:30,0,1/12/2020 19:15,1/12/2020 19:15
128,567,wheels,  7:28:24,-8,1/12/2020 19:28,1/12/2020 19:30
128,2151,birdla,  7:28:29,5,1/12/2020 19:29,1/12/2020 19:30
128,581,birdsm,  7:28:30,-2,1/12/2020 19:30,1/12/2020 19:30
128,5118,lime,  7:28:27,-6,1/12/2020 19:30,1/12/2020 19:30
128,294,spin,  7:28:30,-3,1/12/2020 19:30,1/12/2020 19:30
129,570,wheels,  7:43:24,3,1/12/2020 19:43,1/12/2020 19:45
129,2127,birdla,  7:43:30,-24,1/12/2020 19:44,1/12/2020 19:45
129,587,birdsm,  7:43:31,6,1/12/2020 19:45,1/12/2020 19:45
129,5111,lime,  7:43:28,-7,1/12/2020 19:45,1/12/2020 19:45
129,290,spin,  7:43:31,-4,1/12/2020 19:45,1/12/2020 19:45
130,580,wheels,  7:58:24,10,1/12/2020 19:58,1/12/2020 20:00
130,2119,birdla,  7:58:29,-8,1/12/2020 19:59,1/12/2020 20:00
130,579,birdsm,  7:58:30,-8,1/12/2020 20:00,1/12/2020 20:00
130,5112,lime,  7:58:27,1,1/12/2020 20:00,1/12/2020 20:00
130,289,spin,  7:58:30,-1,1/12/2020 20:00,1/12/2020 20:00
131,588,wheels,  8:13:23,8,1/12/2020 20:13,1/12/2020 20:15
131,2104,birdla,  8:13:29,-15,1/12/2020 20:15,1/12/2020 20:15
131,578,birdsm,  8:13:29,-1,1/12/2020 20:15,1/12/2020 20:15
131,5118,lime,  8:13:26,6,1/12/2020 20:15,1/12/2020 20:15
131,286,spin,  8:13:30,-3,1/12/2020 20:15,1/12/2020 20:15
132,577,wheels,  8:28:22,-11,1/12/2020 20:28,1/12/2020 20:30
132,2097,birdla,  8:28:28,-7,1/12/2020 20:29,1/12/2020 20:30
132,5110,lime,  8:28:26,-8,1/12/2020 20:29,1/12/2020 20:30
132,573,birdsm,  8:28:28,-5,1/12/2020 20:30,1/12/2020 20:30
132,292,spin,  8:28:28,6,1/12/2020 20:30,1/12/2020 20:30
133,2106,birdla,  8:45:07,9,1/12/2020 20:44,1/12/2020 20:45
133,5114,lime,  8:45:05,4,1/12/2020 20:44,1/12/2020 20:45
133,573,birdsm,  8:45:07,0,1/12/2020 20:45,1/12/2020 20:45
133,295,spin,  8:45:07,3,1/12/2020 20:45,1/12/2020 20:45
133,580,wheels,  8:45:02,3,1/12/2020 20:45,1/12/2020 20:45
134,2101,birdla,  9:00:08,-5,1/12/2020 20:59,1/12/2020 21:00
134,5103,lime,  9:00:05,-11,1/12/2020 20:59,1/12/2020 21:00
134,561,birdsm,  9:00:08,-12,1/12/2020 21:00,1/12/2020 21:00
134,293,spin,  9:00:09,-2,1/12/2020 21:00,1/12/2020 21:00
134,595,wheels,  9:00:01,15,1/12/2020 21:00,1/12/2020 21:00
135,2089,birdla,  9:15:07,-12,1/12/2020 21:15,1/12/2020 21:15
135,5105,lime,  9:15:05,2,1/12/2020 21:15,1/12/2020 21:15
135,554,birdsm,  9:15:08,-7,1/12/2020 21:15,1/12/2020 21:15
135,293,spin,  9:15:08,0,1/12/2020 21:15,1/12/2020 21:15
135,610,wheels,  9:15:02,15,1/12/2020 21:15,1/12/2020 21:15
136,2085,birdla,  9:30:07,-4,1/12/2020 21:29,1/12/2020 21:30
136,5115,lime,  9:30:05,10,1/12/2020 21:29,1/12/2020 21:30
136,549,birdsm,  9:30:08,-5,1/12/2020 21:30,1/12/2020 21:30
136,293,spin,  9:30:08,0,1/12/2020 21:30,1/12/2020 21:30
136,607,wheels,  9:30:02,-3,1/12/2020 21:30,1/12/2020 21:30
137,2082,birdla,  9:45:07,-3,1/12/2020 21:44,1/12/2020 21:45
137,5106,lime,  9:45:05,-9,1/12/2020 21:44,1/12/2020 21:45
137,545,birdsm,  9:45:07,-4,1/12/2020 21:45,1/12/2020 21:45
137,293,spin,  9:45:08,0,1/12/2020 21:45,1/12/2020 21:45
137,607,wheels,  9:45:02,0,1/12/2020 21:45,1/12/2020 21:45
138,2064,birdla,  10:00:09,-18,1/12/2020 21:59,1/12/2020 22:00
138,5115,lime,  10:00:05,9,1/12/2020 21:59,1/12/2020 22:00
138,542,birdsm,  10:00:10,-3,1/12/2020 22:00,1/12/2020 22:00
138,294,spin,  10:00:10,1,1/12/2020 22:00,1/12/2020 22:00
138,615,wheels,  10:00:02,8,1/12/2020 22:00,1/12/2020 22:00
139,2071,birdla,  10:15:09,7,1/12/2020 22:15,1/12/2020 22:15
139,5100,lime,  10:15:07,-15,1/12/2020 22:15,1/12/2020 22:15
139,540,birdsm,  10:15:09,-2,1/12/2020 22:15,1/12/2020 22:15
139,293,spin,  10:15:10,-1,1/12/2020 22:15,1/12/2020 22:15
139,605,wheels,  10:15:04,-10,1/12/2020 22:15,1/12/2020 22:15
140,2064,birdla,  10:30:09,-7,1/12/2020 22:29,1/12/2020 22:30
140,5097,lime,  10:30:07,-3,1/12/2020 22:29,1/12/2020 22:30
140,545,birdsm,  10:30:09,5,1/12/2020 22:30,1/12/2020 22:30
140,292,spin,  10:30:10,-1,1/12/2020 22:30,1/12/2020 22:30
140,607,wheels,  10:30:04,2,1/12/2020 22:30,1/12/2020 22:30
141,2040,birdla,  10:45:09,-24,1/12/2020 22:44,1/12/2020 22:45
141,5088,lime,  10:45:07,-9,1/12/2020 22:44,1/12/2020 22:45
141,545,birdsm,  10:45:09,0,1/12/2020 22:45,1/12/2020 22:45
141,289,spin,  10:45:09,-3,1/12/2020 22:45,1/12/2020 22:45
141,608,wheels,  10:45:03,1,1/12/2020 22:45,1/12/2020 22:45
142,2047,birdla,  11:00:09,7,1/12/2020 22:59,1/12/2020 23:00
142,5106,lime,  11:00:06,18,1/12/2020 22:59,1/12/2020 23:00
142,536,birdsm,  11:00:10,-9,1/12/2020 23:00,1/12/2020 23:00
142,288,spin,  11:00:10,-1,1/12/2020 23:00,1/12/2020 23:00
142,594,wheels,  11:00:03,-14,1/12/2020 23:00,1/12/2020 23:00
143,2052,birdla,  11:15:09,5,1/12/2020 23:15,1/12/2020 23:15
143,5113,lime,  11:15:07,7,1/12/2020 23:15,1/12/2020 23:15
143,540,birdsm,  11:15:09,4,1/12/2020 23:15,1/12/2020 23:15
143,288,spin,  11:15:10,0,1/12/2020 23:15,1/12/2020 23:15
143,598,wheels,  11:15:04,4,1/12/2020 23:15,1/12/2020 23:15
144,2075,birdla,  11:30:08,23,1/12/2020 23:29,1/12/2020 23:30
144,5123,lime,  11:30:06,10,1/12/2020 23:29,1/12/2020 23:30
144,531,birdsm,  11:30:16,-9,1/12/2020 23:30,1/12/2020 23:30
144,292,spin,  11:30:16,4,1/12/2020 23:30,1/12/2020 23:30
144,600,wheels,  11:30:03,2,1/12/2020 23:30,1/12/2020 23:30
145,2063,birdla,  11:45:15,-12,1/12/2020 23:44,1/12/2020 23:45
145,5119,lime,  11:45:13,-4,1/12/2020 23:44,1/12/2020 23:45
145,534,birdsm,  11:45:15,3,1/12/2020 23:45,1/12/2020 23:45
145,293,spin,  11:45:16,1,1/12/2020 23:45,1/12/2020 23:45
145,598,wheels,  11:45:10,-2,1/12/2020 23:45,1/12/2020 23:45
146,2068,birdla,  12:00:15,5,1/12/2020 23:59,1/13/2020 0:00
146,5102,lime,  12:00:12,-17,1/12/2020 23:59,1/13/2020 0:00
146,544,birdsm,  12:00:15,10,1/13/2020 0:00,1/13/2020 0:00
146,284,spin,  12:00:15,-9,1/13/2020 0:00,1/13/2020 0:00
146,606,wheels,  12:00:10,8,1/13/2020 0:00,1/13/2020 0:00
147,2077,birdla,  12:15:15,9,1/13/2020 0:15,1/13/2020 0:15
147,5090,lime,  12:15:12,-12,1/13/2020 0:15,1/13/2020 0:15
147,527,birdsm,  12:15:15,-17,1/13/2020 0:15,1/13/2020 0:15
147,284,spin,  12:15:15,0,1/13/2020 0:15,1/13/2020 0:15
147,606,wheels,  12:15:09,0,1/13/2020 0:15,1/13/2020 0:15
148,2082,birdla,  12:30:15,5,1/13/2020 0:29,1/13/2020 0:30
148,5075,lime,  12:30:12,-15,1/13/2020 0:29,1/13/2020 0:30
148,530,birdsm,  12:30:15,3,1/13/2020 0:30,1/13/2020 0:30
148,283,spin,  12:30:15,-1,1/13/2020 0:30,1/13/2020 0:30
148,604,wheels,  12:30:09,-2,1/13/2020 0:30,1/13/2020 0:30
149,2070,birdla,  12:45:15,-12,1/13/2020 0:44,1/13/2020 0:45
149,5067,lime,  12:45:12,-8,1/13/2020 0:44,1/13/2020 0:45
149,524,birdsm,  12:45:15,-6,1/13/2020 0:45,1/13/2020 0:45
149,282,spin,  12:45:15,-1,1/13/2020 0:45,1/13/2020 0:45
149,591,wheels,  12:45:09,-13,1/13/2020 0:45,1/13/2020 0:45
150,2062,birdla,  1:00:13,-8,1/13/2020 0:59,1/13/2020 1:00
150,5073,lime,  1:00:12,6,1/13/2020 0:59,1/13/2020 1:00
150,530,birdsm,  1:00:15,6,1/13/2020 1:00,1/13/2020 1:00
150,281,spin,  1:00:15,-1,1/13/2020 1:00,1/13/2020 1:00
150,584,wheels,  1:00:08,-7,1/13/2020 1:00,1/13/2020 1:00
151,2033,birdla,  1:15:13,-29,1/13/2020 1:15,1/13/2020 1:15
151,5061,lime,  1:15:11,-12,1/13/2020 1:15,1/13/2020 1:15
151,537,birdsm,  1:15:13,7,1/13/2020 1:15,1/13/2020 1:15
151,287,spin,  1:15:15,6,1/13/2020 1:15,1/13/2020 1:15
151,589,wheels,  1:15:08,5,1/13/2020 1:15,1/13/2020 1:15
152,2026,birdla,  1:30:13,-7,1/13/2020 1:29,1/13/2020 1:30
152,5055,lime,  1:30:10,-6,1/13/2020 1:29,1/13/2020 1:30
152,532,birdsm,  1:30:13,-5,1/13/2020 1:30,1/13/2020 1:30
152,288,spin,  1:30:15,1,1/13/2020 1:30,1/13/2020 1:30
152,600,wheels,  1:30:07,11,1/13/2020 1:30,1/13/2020 1:30
153,2021,birdla,  1:45:16,-5,1/13/2020 1:44,1/13/2020 1:45
153,5051,lime,  1:45:11,-4,1/13/2020 1:44,1/13/2020 1:45
153,536,birdsm,  1:45:16,4,1/13/2020 1:45,1/13/2020 1:45
153,289,spin,  1:45:17,1,1/13/2020 1:45,1/13/2020 1:45
153,602,wheels,  1:45:08,2,1/13/2020 1:45,1/13/2020 1:45
154,2021,birdla,  2:00:16,0,1/13/2020 1:59,1/13/2020 2:00
154,5039,lime,  2:00:15,-12,1/13/2020 1:59,1/13/2020 2:00
154,545,birdsm,  2:00:16,9,1/13/2020 2:00,1/13/2020 2:00
154,288,spin,  2:00:17,-1,1/13/2020 2:00,1/13/2020 2:00
154,598,wheels,  2:00:11,-4,1/13/2020 2:00,1/13/2020 2:00
155,2022,birdla,  2:15:16,1,1/13/2020 2:15,1/13/2020 2:15
155,5042,lime,  2:15:15,3,1/13/2020 2:15,1/13/2020 2:15
155,544,birdsm,  2:15:16,-1,1/13/2020 2:15,1/13/2020 2:15
155,289,spin,  2:15:17,1,1/13/2020 2:15,1/13/2020 2:15
155,603,wheels,  2:15:11,5,1/13/2020 2:15,1/13/2020 2:15
156,2018,birdla,  2:30:15,-4,1/13/2020 2:29,1/13/2020 2:30
156,5030,lime,  2:30:13,-12,1/13/2020 2:29,1/13/2020 2:30
156,547,birdsm,  2:30:16,3,1/13/2020 2:30,1/13/2020 2:30
156,292,spin,  2:30:16,3,1/13/2020 2:30,1/13/2020 2:30
156,603,wheels,  2:30:10,0,1/13/2020 2:30,1/13/2020 2:30
157,2005,birdla,  2:45:15,-13,1/13/2020 2:44,1/13/2020 2:45
157,5025,lime,  2:45:13,-5,1/13/2020 2:44,1/13/2020 2:45
157,535,birdsm,  2:45:15,-12,1/13/2020 2:45,1/13/2020 2:45
157,292,spin,  2:45:16,0,1/13/2020 2:45,1/13/2020 2:45
157,603,wheels,  2:45:10,0,1/13/2020 2:45,1/13/2020 2:45
158,2019,birdla,  3:00:15,14,1/13/2020 2:59,1/13/2020 3:00
158,5007,lime,  3:00:12,-18,1/13/2020 2:59,1/13/2020 3:00
158,537,birdsm,  3:00:15,2,1/13/2020 3:00,1/13/2020 3:00
158,287,spin,  3:00:15,-5,1/13/2020 3:00,1/13/2020 3:00
158,610,wheels,  3:00:10,7,1/13/2020 3:00,1/13/2020 3:00
159,2038,birdla,  3:15:15,19,1/13/2020 3:15,1/13/2020 3:15
159,5000,lime,  3:15:12,-7,1/13/2020 3:15,1/13/2020 3:15
159,539,birdsm,  3:15:15,2,1/13/2020 3:15,1/13/2020 3:15
159,285,spin,  3:15:16,-2,1/13/2020 3:15,1/13/2020 3:15
159,604,wheels,  3:15:09,-6,1/13/2020 3:15,1/13/2020 3:15
160,2030,birdla,  3:30:15,-8,1/13/2020 3:29,1/13/2020 3:30
160,4969,lime,  3:30:13,-31,1/13/2020 3:29,1/13/2020 3:30
160,550,birdsm,  3:30:15,11,1/13/2020 3:30,1/13/2020 3:30
160,289,spin,  3:30:16,4,1/13/2020 3:30,1/13/2020 3:30
160,602,wheels,  3:30:10,-2,1/13/2020 3:30,1/13/2020 3:30
161,2035,birdla,  3:45:15,5,1/13/2020 3:44,1/13/2020 3:45
161,4950,lime,  3:45:13,-19,1/13/2020 3:44,1/13/2020 3:45
161,547,birdsm,  3:45:15,-3,1/13/2020 3:45,1/13/2020 3:45
161,289,spin,  3:45:16,0,1/13/2020 3:45,1/13/2020 3:45
161,599,wheels,  3:45:10,-3,1/13/2020 3:45,1/13/2020 3:45
162,2030,birdla,  4:00:15,-5,1/13/2020 3:59,1/13/2020 4:00
162,4934,lime,  4:00:12,-16,1/13/2020 3:59,1/13/2020 4:00
162,541,birdsm,  4:00:15,-6,1/13/2020 4:00,1/13/2020 4:00
162,285,spin,  4:00:15,-4,1/13/2020 4:00,1/13/2020 4:00
162,605,wheels,  4:00:09,6,1/13/2020 4:00,1/13/2020 4:00
163,2024,birdla,  4:15:15,-6,1/13/2020 4:15,1/13/2020 4:15
163,4915,lime,  4:15:12,-19,1/13/2020 4:15,1/13/2020 4:15
163,529,birdsm,  4:15:15,-12,1/13/2020 4:15,1/13/2020 4:15
163,261,spin,  4:15:15,-24,1/13/2020 4:15,1/13/2020 4:15
163,609,wheels,  4:15:09,4,1/13/2020 4:15,1/13/2020 4:15
164,2005,birdla,  4:30:15,-19,1/13/2020 4:29,1/13/2020 4:30
164,4887,lime,  4:30:12,-28,1/13/2020 4:29,1/13/2020 4:30
164,527,birdsm,  4:30:15,-2,1/13/2020 4:30,1/13/2020 4:30
164,242,spin,  4:30:15,-19,1/13/2020 4:30,1/13/2020 4:30
164,607,wheels,  4:30:09,-2,1/13/2020 4:30,1/13/2020 4:30
165,2029,birdla,  4:45:13,24,1/13/2020 4:44,1/13/2020 4:45
165,4868,lime,  4:45:11,-19,1/13/2020 4:44,1/13/2020 4:45
165,534,birdsm,  4:45:15,7,1/13/2020 4:45,1/13/2020 4:45
165,224,spin,  4:45:15,-18,1/13/2020 4:45,1/13/2020 4:45
165,605,wheels,  4:45:08,-2,1/13/2020 4:45,1/13/2020 4:45
166,2014,birdla,  5:00:13,-15,1/13/2020 4:59,1/13/2020 5:00
166,4859,lime,  5:00:11,-9,1/13/2020 4:59,1/13/2020 5:00
166,534,birdsm,  5:00:15,0,1/13/2020 5:00,1/13/2020 5:00
166,216,spin,  5:00:15,-8,1/13/2020 5:00,1/13/2020 5:00
166,608,wheels,  5:00:08,3,1/13/2020 5:00,1/13/2020 5:00
167,2012,birdla,  5:15:13,-2,1/13/2020 5:15,1/13/2020 5:15
167,4840,lime,  5:15:11,-19,1/13/2020 5:15,1/13/2020 5:15
167,535,birdsm,  5:15:15,1,1/13/2020 5:15,1/13/2020 5:15
167,202,spin,  5:15:15,-14,1/13/2020 5:15,1/13/2020 5:15
167,609,wheels,  5:15:08,1,1/13/2020 5:15,1/13/2020 5:15
168,2024,birdla,  5:30:13,12,1/13/2020 5:29,1/13/2020 5:30
168,4815,lime,  5:30:11,-25,1/13/2020 5:29,1/13/2020 5:30
168,538,birdsm,  5:30:13,3,1/13/2020 5:30,1/13/2020 5:30
168,188,spin,  5:30:13,-14,1/13/2020 5:30,1/13/2020 5:30
168,606,wheels,  5:30:08,-3,1/13/2020 5:30,1/13/2020 5:30
169,2030,birdla,  5:45:13,6,1/13/2020 5:44,1/13/2020 5:45
169,4806,lime,  5:45:10,-9,1/13/2020 5:44,1/13/2020 5:45
169,540,birdsm,  5:45:13,2,1/13/2020 5:45,1/13/2020 5:45
169,178,spin,  5:45:15,-10,1/13/2020 5:45,1/13/2020 5:45
169,609,wheels,  5:45:07,3,1/13/2020 5:45,1/13/2020 5:45
170,2050,birdla,  6:00:12,20,1/13/2020 5:59,1/13/2020 6:00
170,4798,lime,  6:00:10,-8,1/13/2020 5:59,1/13/2020 6:00
170,537,birdsm,  6:00:13,-3,1/13/2020 6:00,1/13/2020 6:00
170,170,spin,  6:00:13,-8,1/13/2020 6:00,1/13/2020 6:00
170,616,wheels,  6:00:07,7,1/13/2020 6:00,1/13/2020 6:00
171,2006,birdla,  6:15:12,-44,1/13/2020 6:15,1/13/2020 6:15
171,4796,lime,  6:15:10,-2,1/13/2020 6:15,1/13/2020 6:15
171,517,birdsm,  6:15:12,-20,1/13/2020 6:15,1/13/2020 6:15
171,164,spin,  6:15:13,-6,1/13/2020 6:15,1/13/2020 6:15
171,591,wheels,  6:15:07,-25,1/13/2020 6:15,1/13/2020 6:15
172,2007,birdla,  6:30:12,1,1/13/2020 6:29,1/13/2020 6:30
172,4778,lime,  6:30:10,-18,1/13/2020 6:29,1/13/2020 6:30
172,516,birdsm,  6:30:13,-1,1/13/2020 6:30,1/13/2020 6:30
172,157,spin,  6:30:13,-7,1/13/2020 6:30,1/13/2020 6:30
172,564,wheels,  6:30:07,-27,1/13/2020 6:30,1/13/2020 6:30
173,2008,birdla,  6:45:12,1,1/13/2020 6:44,1/13/2020 6:45
173,4759,lime,  6:45:10,-19,1/13/2020 6:44,1/13/2020 6:45
173,526,birdsm,  6:45:13,10,1/13/2020 6:45,1/13/2020 6:45
173,153,spin,  6:45:13,-4,1/13/2020 6:45,1/13/2020 6:45
173,564,wheels,  6:45:07,0,1/13/2020 6:45,1/13/2020 6:45
174,2002,birdla,  7:00:12,-6,1/13/2020 6:59,1/13/2020 7:00
174,4741,lime,  7:00:09,-18,1/13/2020 6:59,1/13/2020 7:00
174,525,birdsm,  7:00:12,-1,1/13/2020 7:00,1/13/2020 7:00
174,146,spin,  7:00:13,-7,1/13/2020 7:00,1/13/2020 7:00
174,555,wheels,  7:00:07,-9,1/13/2020 7:00,1/13/2020 7:00
175,2006,birdla,  7:15:12,4,1/13/2020 7:15,1/13/2020 7:15
175,4740,lime,  7:15:10,-1,1/13/2020 7:15,1/13/2020 7:15
175,524,birdsm,  7:15:13,-1,1/13/2020 7:15,1/13/2020 7:15
175,134,spin,  7:15:13,-12,1/13/2020 7:15,1/13/2020 7:15
175,549,wheels,  7:15:07,-6,1/13/2020 7:15,1/13/2020 7:15
176,2023,birdla,  7:30:12,17,1/13/2020 7:29,1/13/2020 7:30
176,4744,lime,  7:30:10,4,1/13/2020 7:29,1/13/2020 7:30
176,519,birdsm,  7:30:13,-5,1/13/2020 7:30,1/13/2020 7:30
176,115,spin,  7:30:13,-19,1/13/2020 7:30,1/13/2020 7:30
176,543,wheels,  7:30:07,-6,1/13/2020 7:30,1/13/2020 7:30
177,2040,birdla,  7:45:12,17,1/13/2020 7:44,1/13/2020 7:45
177,4738,lime,  7:45:10,-6,1/13/2020 7:44,1/13/2020 7:45
177,520,birdsm,  7:45:13,1,1/13/2020 7:45,1/13/2020 7:45
177,97,spin,  7:45:13,-18,1/13/2020 7:45,1/13/2020 7:45
177,536,wheels,  7:45:07,-7,1/13/2020 7:45,1/13/2020 7:45
178,2046,birdla,  8:00:12,6,1/13/2020 7:59,1/13/2020 8:00
178,4741,lime,  8:00:10,3,1/13/2020 7:59,1/13/2020 8:00
178,520,birdsm,  8:00:13,0,1/13/2020 8:00,1/13/2020 8:00
178,90,spin,  8:00:13,-7,1/13/2020 8:00,1/13/2020 8:00
178,535,wheels,  8:00:07,-1,1/13/2020 8:00,1/13/2020 8:00
179,2063,birdla,  8:15:12,17,1/13/2020 8:15,1/13/2020 8:15
179,4744,lime,  8:15:10,3,1/13/2020 8:15,1/13/2020 8:15
179,522,birdsm,  8:15:13,2,1/13/2020 8:15,1/13/2020 8:15
179,81,spin,  8:15:13,-9,1/13/2020 8:15,1/13/2020 8:15
179,519,wheels,  8:15:07,-16,1/13/2020 8:15,1/13/2020 8:15
180,2092,birdla,  8:30:12,29,1/13/2020 8:29,1/13/2020 8:30
180,4752,lime,  8:30:10,8,1/13/2020 8:29,1/13/2020 8:30
180,524,birdsm,  8:30:13,2,1/13/2020 8:30,1/13/2020 8:30
180,74,spin,  8:30:13,-7,1/13/2020 8:30,1/13/2020 8:30
180,518,wheels,  8:30:07,-1,1/13/2020 8:30,1/13/2020 8:30
181,2104,birdla,  8:45:13,12,1/13/2020 8:44,1/13/2020 8:45
181,4751,lime,  8:45:10,-1,1/13/2020 8:44,1/13/2020 8:45
181,524,birdsm,  8:45:13,0,1/13/2020 8:45,1/13/2020 8:45
181,59,spin,  8:45:13,-15,1/13/2020 8:45,1/13/2020 8:45
181,509,wheels,  8:45:07,-9,1/13/2020 8:45,1/13/2020 8:45
182,2124,birdla,  9:00:12,20,1/13/2020 8:59,1/13/2020 9:00
182,4756,lime,  9:00:10,5,1/13/2020 8:59,1/13/2020 9:00
182,524,birdsm,  9:00:12,0,1/13/2020 9:00,1/13/2020 9:00
182,53,spin,  9:00:13,-6,1/13/2020 9:00,1/13/2020 9:00
182,516,wheels,  9:00:07,7,1/13/2020 9:00,1/13/2020 9:00
183,2134,birdla,  9:15:12,10,1/13/2020 9:15,1/13/2020 9:15
183,4759,lime,  9:15:09,3,1/13/2020 9:15,1/13/2020 9:15
183,523,birdsm,  9:15:12,-1,1/13/2020 9:15,1/13/2020 9:15
183,36,spin,  9:15:13,-17,1/13/2020 9:15,1/13/2020 9:15
183,514,wheels,  9:15:07,-2,1/13/2020 9:15,1/13/2020 9:15
184,2147,birdla,  9:30:12,13,1/13/2020 9:29,1/13/2020 9:30
184,4776,lime,  9:30:09,17,1/13/2020 9:29,1/13/2020 9:30
184,529,birdsm,  9:30:12,6,1/13/2020 9:30,1/13/2020 9:30
184,18,spin,  9:30:13,-18,1/13/2020 9:30,1/13/2020 9:30
184,510,wheels,  9:30:06,-4,1/13/2020 9:30,1/13/2020 9:30
185,2151,birdla,  9:45:12,4,1/13/2020 9:44,1/13/2020 9:45
185,4774,lime,  9:45:09,-2,1/13/2020 9:44,1/13/2020 9:45
185,534,birdsm,  9:45:12,5,1/13/2020 9:45,1/13/2020 9:45
185,11,spin,  9:45:12,-7,1/13/2020 9:45,1/13/2020 9:45
185,509,wheels,  9:45:06,-1,1/13/2020 9:45,1/13/2020 9:45
186,2156,birdla,  10:00:12,5,1/13/2020 9:59,1/13/2020 10:00
186,4778,lime,  10:00:09,4,1/13/2020 9:59,1/13/2020 10:00
186,534,birdsm,  10:00:12,0,1/13/2020 10:00,1/13/2020 10:00
186,0,spin,  10:00:13,-11,1/13/2020 10:00,1/13/2020 10:00
186,499,wheels,  10:00:06,-10,1/13/2020 10:00,1/13/2020 10:00
187,2163,birdla,  10:15:12,7,1/13/2020 10:15,1/13/2020 10:15
187,4775,lime,  10:15:09,-3,1/13/2020 10:15,1/13/2020 10:15
187,548,birdsm,  10:15:13,14,1/13/2020 10:15,1/13/2020 10:15
187,0,spin,  10:15:13,0,1/13/2020 10:15,1/13/2020 10:15
187,494,wheels,  10:15:06,-5,1/13/2020 10:15,1/13/2020 10:15
188,2175,birdla,  10:30:12,12,1/13/2020 10:29,1/13/2020 10:30
188,4778,lime,  10:30:10,3,1/13/2020 10:29,1/13/2020 10:30
188,549,birdsm,  10:30:12,1,1/13/2020 10:30,1/13/2020 10:30
188,0,spin,  10:30:13,0,1/13/2020 10:30,1/13/2020 10:30
188,494,wheels,  10:30:07,0,1/13/2020 10:30,1/13/2020 10:30
189,2194,birdla,  10:45:12,19,1/13/2020 10:44,1/13/2020 10:45
189,4788,lime,  10:45:09,10,1/13/2020 10:44,1/13/2020 10:45
189,547,birdsm,  10:45:12,-2,1/13/2020 10:45,1/13/2020 10:45
189,0,spin,  10:45:13,0,1/13/2020 10:45,1/13/2020 10:45
189,493,wheels,  10:45:06,-1,1/13/2020 10:45,1/13/2020 10:45
190,2211,birdla,  11:00:12,17,1/13/2020 10:59,1/13/2020 11:00
190,4793,lime,  11:00:09,5,1/13/2020 10:59,1/13/2020 11:00
190,547,birdsm,  11:00:13,0,1/13/2020 11:00,1/13/2020 11:00
190,0,spin,  11:00:13,0,1/13/2020 11:00,1/13/2020 11:00
190,494,wheels,  11:00:06,1,1/13/2020 11:00,1/13/2020 11:00
191,2210,birdla,  11:15:12,-1,1/13/2020 11:15,1/13/2020 11:15
191,4822,lime,  11:15:10,29,1/13/2020 11:15,1/13/2020 11:15
191,552,birdsm,  11:15:13,5,1/13/2020 11:15,1/13/2020 11:15
191,0,spin,  11:15:13,0,1/13/2020 11:15,1/13/2020 11:15
191,493,wheels,  11:15:07,-1,1/13/2020 11:15,1/13/2020 11:15
192,2210,birdla,  11:30:12,0,1/13/2020 11:29,1/13/2020 11:30
192,4835,lime,  11:30:10,13,1/13/2020 11:29,1/13/2020 11:30
192,552,birdsm,  11:30:12,0,1/13/2020 11:30,1/13/2020 11:30
192,0,spin,  11:30:13,0,1/13/2020 11:30,1/13/2020 11:30
192,478,wheels,  11:30:07,-15,1/13/2020 11:30,1/13/2020 11:30
193,2213,birdla,  11:45:12,3,1/13/2020 11:44,1/13/2020 11:45
193,4842,lime,  11:45:09,7,1/13/2020 11:44,1/13/2020 11:45
193,552,birdsm,  11:45:12,0,1/13/2020 11:45,1/13/2020 11:45
193,0,spin,  11:45:12,0,1/13/2020 11:45,1/13/2020 11:45
193,484,wheels,  11:45:06,6,1/13/2020 11:45,1/13/2020 11:45
194,2214,birdla,  12:00:12,1,1/13/2020 11:59,1/13/2020 12:00
194,4838,lime,  12:00:09,-4,1/13/2020 11:59,1/13/2020 12:00
194,552,birdsm,  12:00:12,0,1/13/2020 12:00,1/13/2020 12:00
194,0,spin,  12:00:13,0,1/13/2020 12:00,1/13/2020 12:00
194,481,wheels,  12:00:06,-3,1/13/2020 12:00,1/13/2020 12:00
195,2225,birdla,  12:15:12,11,1/13/2020 12:15,1/13/2020 12:15
195,4845,lime,  12:15:09,7,1/13/2020 12:15,1/13/2020 12:15
195,551,birdsm,  12:15:12,-1,1/13/2020 12:15,1/13/2020 12:15
195,0,spin,  12:15:13,0,1/13/2020 12:15,1/13/2020 12:15
195,482,wheels,  12:15:06,1,1/13/2020 12:15,1/13/2020 12:15
196,2219,birdla,  12:30:12,-6,1/13/2020 12:29,1/13/2020 12:30
196,4863,lime,  12:30:10,18,1/13/2020 12:29,1/13/2020 12:30
196,551,birdsm,  12:30:12,0,1/13/2020 12:30,1/13/2020 12:30
196,0,spin,  12:30:13,0,1/13/2020 12:30,1/13/2020 12:30
196,487,wheels,  12:30:07,5,1/13/2020 12:30,1/13/2020 12:30
197,2219,birdla,  12:45:12,0,1/13/2020 12:44,1/13/2020 12:45
197,4865,lime,  12:45:09,2,1/13/2020 12:44,1/13/2020 12:45
197,550,birdsm,  12:45:12,-1,1/13/2020 12:45,1/13/2020 12:45
197,0,spin,  12:45:13,0,1/13/2020 12:45,1/13/2020 12:45
197,510,wheels,  12:45:07,23,1/13/2020 12:45,1/13/2020 12:45
198,2227,birdla,  1:00:13,8,1/13/2020 12:59,1/13/2020 13:00
198,4866,lime,  1:00:10,1,1/13/2020 12:59,1/13/2020 13:00
198,551,birdsm,  1:00:13,1,1/13/2020 13:00,1/13/2020 13:00
198,0,spin,  1:00:13,0,1/13/2020 13:00,1/13/2020 13:00
198,539,wheels,  1:00:06,29,1/13/2020 13:00,1/13/2020 13:00
199,2228,birdla,  1:15:13,1,1/13/2020 13:15,1/13/2020 13:15
199,4874,lime,  1:15:10,8,1/13/2020 13:15,1/13/2020 13:15
199,551,birdsm,  1:15:15,0,1/13/2020 13:15,1/13/2020 13:15
199,0,spin,  1:15:15,0,1/13/2020 13:15,1/13/2020 13:15
199,540,wheels,  1:15:07,1,1/13/2020 13:15,1/13/2020 13:15
200,2231,birdla,  1:30:13,3,1/13/2020 13:29,1/13/2020 13:30
200,4883,lime,  1:30:11,9,1/13/2020 13:29,1/13/2020 13:30
200,551,birdsm,  1:30:13,0,1/13/2020 13:30,1/13/2020 13:30
200,3,spin,  1:30:15,3,1/13/2020 13:30,1/13/2020 13:30
200,545,wheels,  1:30:08,5,1/13/2020 13:30,1/13/2020 13:30
201,2234,birdla,  1:45:13,3,1/13/2020 13:44,1/13/2020 13:45
201,4903,lime,  1:45:10,20,1/13/2020 13:44,1/13/2020 13:45
201,558,birdsm,  1:45:13,7,1/13/2020 13:45,1/13/2020 13:45
201,26,spin,  1:45:13,23,1/13/2020 13:45,1/13/2020 13:45
201,544,wheels,  1:45:07,-1,1/13/2020 13:45,1/13/2020 13:45
202,2233,birdla,  2:00:12,-1,1/13/2020 13:59,1/13/2020 14:00
202,4922,lime,  2:00:10,19,1/13/2020 13:59,1/13/2020 14:00
202,559,birdsm,  2:00:13,1,1/13/2020 14:00,1/13/2020 14:00
202,53,spin,  2:00:13,27,1/13/2020 14:00,1/13/2020 14:00
202,542,wheels,  2:00:07,-2,1/13/2020 14:00,1/13/2020 14:00
203,2223,birdla,  2:15:12,-10,1/13/2020 14:15,1/13/2020 14:15
203,4933,lime,  2:15:10,11,1/13/2020 14:15,1/13/2020 14:15
203,553,birdsm,  2:15:13,-6,1/13/2020 14:15,1/13/2020 14:15
203,71,spin,  2:15:13,18,1/13/2020 14:15,1/13/2020 14:15
203,541,wheels,  2:15:07,-1,1/13/2020 14:15,1/13/2020 14:15
204,2222,birdla,  2:30:12,-1,1/13/2020 14:29,1/13/2020 14:30
204,4949,lime,  2:30:10,16,1/13/2020 14:29,1/13/2020 14:30
204,552,birdsm,  2:30:12,-1,1/13/2020 14:30,1/13/2020 14:30
204,77,spin,  2:30:12,6,1/13/2020 14:30,1/13/2020 14:30
204,542,wheels,  2:30:07,1,1/13/2020 14:30,1/13/2020 14:30
205,2207,birdla,  2:45:12,-15,1/13/2020 14:44,1/13/2020 14:45
205,4957,lime,  2:45:09,8,1/13/2020 14:44,1/13/2020 14:45
205,555,birdsm,  2:45:12,3,1/13/2020 14:45,1/13/2020 14:45
205,77,spin,  2:45:15,0,1/13/2020 14:45,1/13/2020 14:45
205,542,wheels,  2:45:06,0,1/13/2020 14:45,1/13/2020 14:45
206,2213,birdla,  3:00:12,6,1/13/2020 14:59,1/13/2020 15:00
206,4959,lime,  3:00:10,2,1/13/2020 14:59,1/13/2020 15:00
206,552,birdsm,  3:00:13,-3,1/13/2020 15:00,1/13/2020 15:00
206,77,spin,  3:00:13,0,1/13/2020 15:00,1/13/2020 15:00
206,542,wheels,  3:00:07,0,1/13/2020 15:00,1/13/2020 15:00
207,2227,birdla,  3:15:12,14,1/13/2020 15:15,1/13/2020 15:15
207,4965,lime,  3:15:10,6,1/13/2020 15:15,1/13/2020 15:15
207,545,birdsm,  3:15:12,-7,1/13/2020 15:15,1/13/2020 15:15
207,89,spin,  3:15:13,12,1/13/2020 15:15,1/13/2020 15:15
207,540,wheels,  3:15:07,-2,1/13/2020 15:15,1/13/2020 15:15
208,2234,birdla,  3:30:12,7,1/13/2020 15:29,1/13/2020 15:30
208,4974,lime,  3:30:09,9,1/13/2020 15:29,1/13/2020 15:30
208,538,birdsm,  3:30:12,-7,1/13/2020 15:30,1/13/2020 15:30
208,93,spin,  3:30:13,4,1/13/2020 15:30,1/13/2020 15:30
208,543,wheels,  3:30:06,3,1/13/2020 15:30,1/13/2020 15:30
209,2199,birdla,  3:45:12,-35,1/13/2020 15:44,1/13/2020 15:45
209,4976,lime,  3:45:09,2,1/13/2020 15:44,1/13/2020 15:45
209,536,birdsm,  3:45:12,-2,1/13/2020 15:45,1/13/2020 15:45
209,93,spin,  3:45:13,0,1/13/2020 15:45,1/13/2020 15:45
209,548,wheels,  3:45:06,5,1/13/2020 15:45,1/13/2020 15:45
210,2179,birdla,  4:00:12,-20,1/13/2020 15:59,1/13/2020 16:00
210,4975,lime,  4:00:09,-1,1/13/2020 15:59,1/13/2020 16:00
210,548,birdsm,  4:00:12,12,1/13/2020 16:00,1/13/2020 16:00
210,123,spin,  4:00:13,30,1/13/2020 16:00,1/13/2020 16:00
210,550,wheels,  4:00:07,2,1/13/2020 16:00,1/13/2020 16:00
211,2172,birdla,  4:15:12,-7,1/13/2020 16:15,1/13/2020 16:15
211,4971,lime,  4:15:09,-4,1/13/2020 16:15,1/13/2020 16:15
211,533,birdsm,  4:15:12,-15,1/13/2020 16:15,1/13/2020 16:15
211,163,spin,  4:15:12,40,1/13/2020 16:15,1/13/2020 16:15
211,551,wheels,  4:15:07,1,1/13/2020 16:15,1/13/2020 16:15
212,2168,birdla,  4:30:12,-4,1/13/2020 16:29,1/13/2020 16:30
212,4978,lime,  4:30:09,7,1/13/2020 16:29,1/13/2020 16:30
212,539,birdsm,  4:30:12,6,1/13/2020 16:30,1/13/2020 16:30
212,186,spin,  4:30:13,23,1/13/2020 16:30,1/13/2020 16:30
212,551,wheels,  4:30:06,0,1/13/2020 16:30,1/13/2020 16:30
213,2142,birdla,  4:45:12,-26,1/13/2020 16:44,1/13/2020 16:45
213,4987,lime,  4:45:09,9,1/13/2020 16:44,1/13/2020 16:45
213,535,birdsm,  4:45:12,-4,1/13/2020 16:45,1/13/2020 16:45
213,216,spin,  4:45:13,30,1/13/2020 16:45,1/13/2020 16:45
213,561,wheels,  4:45:07,10,1/13/2020 16:45,1/13/2020 16:45
214,2152,birdla,  5:00:12,10,1/13/2020 16:59,1/13/2020 17:00
214,4985,lime,  5:00:09,-2,1/13/2020 16:59,1/13/2020 17:00
214,542,birdsm,  5:00:12,7,1/13/2020 17:00,1/13/2020 17:00
214,230,spin,  5:00:13,14,1/13/2020 17:00,1/13/2020 17:00
214,562,wheels,  5:00:06,1,1/13/2020 17:00,1/13/2020 17:00
